Workbook

Sheet sales new
F1: XLOOKUP | G1: VLOOKUP
A2: Transaction_ID | B2: Employee_ID | C2: Product | D2: Units_Sold | E2: Unit_Price | F2: empoyee_name | G2: Region
A3: T001 | B3: E102 | C3: Laptop | D3: 12 | E3: 750 | F3: =_xlfn.XLOOKUP(B3,employees!A:A,employees!B:B,,) -> Ben | G3: =VLOOKUP(B3,employees!A:E,5,) -> South
A4: T002 | B4: E104 | C4: Monitor | D4: 18 | E4: 220 | F4: =_xlfn.XLOOKUP(B4,employees!A:A,employees!B:B,,) -> David | G4: =VLOOKUP(B4,employees!A:E,5,) -> North
A5: T003 | B5: E107 | C5: Keyboard | D5: 35 | E5: 45 | F5: =_xlfn.XLOOKUP(B5,employees!A:A,employees!B:B,,) -> Grace | G5: =VLOOKUP(B5,employees!A:E,5,) -> East
A6: T004 | B6: E101 | C6: Mouse | D6: 40 | E6: 25 | F6: =_xlfn.XLOOKUP(B6,employees!A:A,employees!B:B,,) -> Anna | G6: =VLOOKUP(B6,employees!A:E,5,) -> North
A7: T005 | B7: E110 | C7: Laptop | D7: 7 | E7: 750 | F7: =_xlfn.XLOOKUP(B7,employees!A:A,employees!B:B,,) -> Jack | G7: =VLOOKUP(B7,employees!A:E,5,) -> South
A8: T006 | B8: E103 | C8: Desk | D8: 10 | E8: 300 | F8: =_xlfn.XLOOKUP(B8,employees!A:A,employees!B:B,,) -> Clara | G8: =VLOOKUP(B8,employees!A:E,5,) -> East
A9: T007 | B9: E102 | C9: Monitor | D9: 14 | E9: 220 | F9: =_xlfn.XLOOKUP(B9,employees!A:A,employees!B:B,,) -> Ben | G9: =VLOOKUP(B9,employees!A:E,5,) -> South
A10: T008 | B10: E109 | C10: Chair | D10: 16 | E10: 120 | F10: =_xlfn.XLOOKUP(B10,employees!A:A,employees!B:B,,) -> Isabel | G10: =VLOOKUP(B10,employees!A:E,5,) -> North
A11: T009 | B11: E106 | C11: Keyboard | D11: 28 | E11: 45 | F11: =_xlfn.XLOOKUP(B11,employees!A:A,employees!B:B,,) -> Frank | G11: =VLOOKUP(B11,employees!A:E,5,) -> South
A12: T010 | B12: E107 | C12: Laptop | D12: 9 | E12: 750 | F12: =_xlfn.XLOOKUP(B12,employees!A:A,employees!B:B,,) -> Grace | G12: =VLOOKUP(B12,employees!A:E,5,) -> East
A13: T011 | B13: E104 | C13: Mouse | D13: 32 | E13: 25 | F13: =_xlfn.XLOOKUP(B13,employees!A:A,employees!B:B,,) -> David | G13: =VLOOKUP(B13,employees!A:E,5,) -> North
A14: T012 | B14: E105 | C14: Desk | D14: 11 | E14: 300 | F14: =_xlfn.XLOOKUP(B14,employees!A:A,employees!B:B,,) -> Emma | G14: =VLOOKUP(B14,employees!A:E,5,) -> West
... A17: T015 | B17: E102 | C17: Keyboard | D17: 45 | E17: 45 | F17: =_xlfn.XLOOKUP(B17,employees!A:A,employees!B:B,,) -> Ben | G17: =VLOOKUP(B17,employees!A:E,5,) -> South
A18: T016 | B18: E115 | C18: Monitor | D18: 15 | E18: 220 | F18: =_xlfn.XLOOKUP(B18,employees!A:A,employees!B:B,"Not Found",) -> Not Found | G18: =VLOOKUP(B18,employees!A:E,5,) -> #N/A
A20: Question!
A24: =_xlfn.XLOOKUP("Grace",F:F,B:B,,) -> E107

Sheet employees
F1: XLOOKUP
A2: Employee_ID | B2: Employee_Name | C2: Department | D2: Level | E2: Region | F2: product
A3: E101 | B3: Anna | C3: Marketing | D3: Junior | E3: North | F3: =_xlfn.XLOOKUP(A3,'sales new'!B:B,'sales new'!C:C,,0) -> Mouse
A4: E102 | B4: Ben | C4: Sales | D4: Senior | E4: South | F4: =_xlfn.XLOOKUP(A4,'sales new'!B:B,'sales new'!C:C,,0) -> Laptop
A5: E103 | B5: Clara | C5: Finance | D5: Mid | E5: East | F5: =_xlfn.XLOOKUP(A5,'sales new'!B:B,'sales new'!C:C,,0) -> Desk
A6: E104 | B6: David | C6: Sales | D6: Junior | E6: North | F6: =_xlfn.XLOOKUP(A6,'sales new'!B:B,'sales new'!C:C,,0) -> Monitor
A7: E105 | B7: Emma | C7: Operations | D7: Senior | E7: West | F7: =_xlfn.XLOOKUP(A7,'sales new'!B:B,'sales new'!C:C,,0) -> Desk
A8: E106 | B8: Frank | C8: Marketing | D8: Mid | E8: South | F8: =_xlfn.XLOOKUP(A8,'sales new'!B:B,'sales new'!C:C,,0) -> Keyboard
A9: E107 | B9: Grace | C9: Sales | D9: Senior | E9: East | F9: =_xlfn.XLOOKUP(A9,'sales new'!B:B,'sales new'!C:C,,0) -> Keyboard
A10: E108 | B10: Henry | C10: Finance | D10: Junior | E10: West | F10: =_xlfn.XLOOKUP(A10,'sales new'!B:B,'sales new'!C:C,,0) -> #N/A
A11: E109 | B11: Isabel | C11: Operations | D11: Mid | E11: North | F11: =_xlfn.XLOOKUP(A11,'sales new'!B:B,'sales new'!C:C,,0) -> Chair
A12: E110 | B12: Jack | C12: Sales | D12: Junior | E12: South | F12: =_xlfn.XLOOKUP(A12,'sales new'!B:B,'sales new'!C:C,,0) -> Laptop

Sheet monthly target
A1: Metric | B1: January | C1: February | D1: March | E1: April | F1: May | G1: June
A2: Revenue | B2: 12000 | C2: 14500 | D2: 16000 | E2: 15500 | F2: 18000 | G2: 20000
A3: Orders | B3: 85 | C3: 90 | D3: 105 | E3: 98 | F3: 115 | G3: 125
A4: Customers | B4: 60 | C4: 65 | D4: 72 | E4: 70 | F4: 80 | G4: 88
A7: HLOOKUP
A8: revenue target for May | C8: =HLOOKUP(F1,A:G,2,) -> 18000
A9: customers for April | C9: =HLOOKUP(E1,A1:G4,4,FALSE) -> 70
