Workbook

Sheet inventory_transactions(lookups)
A1: Order_ID | B1: Date | C1: SKU | D1: Qty_Sold | E1: Location | F1: Staff_ID | G1: Revenue | H1: Lead_Time | I1: Risk_Level | J1: Category | K1: Stock_Level
A2: ORD-501 | B2: 9/22/2025 | C2: SURG-P-02 | D2: 18 | E2: North | F2: Optician_A | G2: 1530 | H2: 30 | I2: Medium Risk | J2: =_xlfn.XLOOKUP('inventory_transactions(lookups)'!C2,'product_masterlist(ifs)'!A:A,'product_masterlist(ifs)'!C:C,,0) -> Surgical | K2: =VLOOKUP(C2,'product_masterlist(ifs)'!A:I,7,FALSE) -> 40
A3: ORD-502 | B3: 8/16/2025 | C3: FRM-M-10 | D3: 4 | E3: North | F3: Optician_C | G3: 180 | H3: 30 | I3: Medium Risk | J3: =_xlfn.XLOOKUP(C3,'product_masterlist(ifs)'!A:A,'product_masterlist(ifs)'!C:C,"N/A",0) -> Frames | K3: =VLOOKUP(C3,'product_masterlist(ifs)'!A:I,7,FALSE) -> 45
A4: ORD-503 | B4: 45840 | C4: SURG-P-02 | D4: 13 | E4: East | F4: Optician_A | G4: 1105 | H4: 30 | I4: Medium Risk | J4: =_xlfn.XLOOKUP(C4,'product_masterlist(ifs)'!A:A,'product_masterlist(ifs)'!C:C,"N/A",0) -> Surgical | K4: =VLOOKUP(C4,'product_masterlist(ifs)'!A:I,7,FALSE) -> 40
A5: ORD-504 | B5: 45937 | C5: SURG-P-02 | D5: 16 | E5: West | F5: Surgeon_K | G5: 1360 | H5: 30 | I5: Medium Risk | J5: =_xlfn.XLOOKUP(C5,'product_masterlist(ifs)'!A:A,'product_masterlist(ifs)'!C:C,"N/A",0) -> Surgical | K5: =VLOOKUP(C5,'product_masterlist(ifs)'!A:I,7,FALSE) -> 40
A6: ORD-505 | B6: 5/29/2025 | C6: LENS-D-01 | D6: 7 | E6: West | F6: Optician_A | G6: 87.5 | H6: 14 | I6: Low Risk | J6: =_xlfn.XLOOKUP(C6,'product_masterlist(ifs)'!A:A,'product_masterlist(ifs)'!C:C,"N/A",0) -> Contact Lenses | K6: =VLOOKUP(C6,'product_masterlist(ifs)'!A:I,7,FALSE) -> 450
A7: ORD-506 | B7: 1/26/2025 | C7: SURG-P-02 | D7: 24 | E7: East | F7: Optician_B | G7: 2040 | H7: 30 | I7: Medium Risk | J7: =_xlfn.XLOOKUP(C7,'product_masterlist(ifs)'!A:A,'product_masterlist(ifs)'!C:C,"N/A",0) -> Surgical | K7: =VLOOKUP(C7,'product_masterlist(ifs)'!A:I,7,FALSE) -> 40
A8: ORD-507 | B8: 45999 | C8: SURG-L-01 | D8: 10 | E8: North | F8: Optician_C | G8: 1500 | H8: 45 | I8: High Risk | J8: =_xlfn.XLOOKUP(C8,'product_masterlist(ifs)'!A:A,'product_masterlist(ifs)'!C:C,"N/A",0) -> Surgical | K8: =VLOOKUP(C8,'product_masterlist(ifs)'!A:I,7,FALSE) -> 15
A9: ORD-508 | B9: 4/24/2025 | C9: LENS-D-01 | D9: 8 | E9: South | F9: Optician_C | G9: 100 | H9: 14 | I9: Low Risk | J9: =_xlfn.XLOOKUP(C9,'product_masterlist(ifs)'!A:A,'product_masterlist(ifs)'!C:C,"N/A",0) -> Contact Lenses | K9: =VLOOKUP(C9,'product_masterlist(ifs)'!A:I,7,FALSE) -> 450
A10: ORD-509 | B10: 5/21/2025 | C10: LENS-D-01 | D10: 3 | E10: South | F10: Optician_A | G10: 37.5 | H10: 14 | I10: Low Risk | J10: =_xlfn.XLOOKUP(C10,'product_masterlist(ifs)'!A:A,'product_masterlist(ifs)'!C:C,"N/A",0) -> Contact Lenses | K10: =VLOOKUP(C10,'product_masterlist(ifs)'!A:I,7,FALSE) -> 450
A11: ORD-510 | B11: 45699 | C11: LENS-M-02 | D11: 21 | E11: West | F11: Optician_C | G11: 525 | H11: 21 | I11: Medium Risk | J11: =_xlfn.XLOOKUP(C11,'product_masterlist(ifs)'!A:A,'product_masterlist(ifs)'!C:C,"N/A",0) -> Contact Lenses | K11: =VLOOKUP(C11,'product_masterlist(ifs)'!A:I,7,FALSE) -> 120
A12: ORD-511 | B12: 7/30/2025 | C12: LENS-D-01 | D12: 7 | E12: West | F12: Optician_B | G12: 87.5 | H12: 14 | I12: Low Risk | J12: =_xlfn.XLOOKUP(C12,'product_masterlist(ifs)'!A:A,'product_masterlist(ifs)'!C:C,"N/A",0) -> Contact Lenses | K12: =VLOOKUP(C12,'product_masterlist(ifs)'!A:I,7,FALSE) -> 450
A13: ORD-512 | B13: 1/20/2025 | C13: LENS-D-01 | D13: 11 | E13: North | F13: Optician_A | G13: 137.5 | H13: 14 | I13: Low Risk | J13: =_xlfn.XLOOKUP(C13,'product_masterlist(ifs)'!A:A,'product_masterlist(ifs)'!C:C,"N/A",0) -> Contact Lenses | K13: =VLOOKUP(C13,'product_masterlist(ifs)'!A:I,7,FALSE) -> 450
A14: ORD-513 | B14: 45908 | C14: FRM-M-10 | D14: 8 | E14: East | F14: Optician_C | G14: 360 | H14: 30 | I14: Medium Risk | J14: =_xlfn.XLOOKUP(C14,'product_masterlist(ifs)'!A:A,'product_masterlist(ifs)'!C:C,"N/A",0) -> Frames | K14: =VLOOKUP(C14,'product_masterlist(ifs)'!A:I,7,FALSE) -> 45
A15: ORD-514 | B15: 46003 | C15: SURG-P-02 | D15: 25 | E15: South | F15: Optician_C | G15: 2125 | H15: 30 | I15: Medium Risk | J15: =_xlfn.XLOOKUP(C15,'product_masterlist(ifs)'!A:A,'product_masterlist(ifs)'!C:C,"N/A",0) -> Surgical | K15: =VLOOKUP(C15,'product_masterlist(ifs)'!A:I,7,FALSE) -> 40
A16: ORD-515 | B16: 45750 | C16: SURG-L-01 | D16: 1 | E16: East | F16: Optician_C | G16: 150 | H16: 45 | I16: High Risk | J16: =_xlfn.XLOOKUP(C16,'product_masterlist(ifs)'!A:A,'product_masterlist(ifs)'!C:C,"N/A",0) -> Surgical | K16: =VLOOKUP(C16,'product_masterlist(ifs)'!A:I,7,FALSE) -> 15
A17: ORD-516 | B17: 12/26/2025 | C17: SOL-S-01 | D17: 19 | E17: North | F17: Optician_A | G17: 80.75 | H17: 7 | I17: Low Risk | J17: =_xlfn.XLOOKUP(C17,'product_masterlist(ifs)'!A:A,'product_masterlist(ifs)'!C:C,"N/A",0) -> Solutions | K17: =VLOOKUP(C17,'product_masterlist(ifs)'!A:I,7,FALSE) -> 800
A18: ORD-517 | B18: 45757 | C18: SURG-L-01 | D18: 23 | E18: West | F18: Optician_B | G18: 3450 | H18: 45 | I18: High Risk | J18: =_xlfn.XLOOKUP(C18,'product_masterlist(ifs)'!A:A,'product_masterlist(ifs)'!C:C,"N/A",0) -> Surgical | K18: =VLOOKUP(C18,'product_masterlist(ifs)'!A:I,7,FALSE) -> 15
A19: ORD-518 | B19: 45845 | C19: FRM-M-10 | D19: 19 | E19: West | F19: Optician_B | G19: 855 | H19: 30 | I19: Medium Risk | J19: =_xlfn.XLOOKUP(C19,'product_masterlist(ifs)'!A:A,'product_masterlist(ifs)'!C:C,"N/A",0) -> Frames | K19: =VLOOKUP(C19,'product_masterlist(ifs)'!A:I,7,FALSE) -> 45
A20: ORD-519 | B20: 5/22/2025 | C20: FRM-M-10 | D20: 16 | E20: South | F20: Optician_A | G20: 720 | H20: 30 | I20: Medium Risk | J20: =_xlfn.XLOOKUP(C20,'product_masterlist(ifs)'!A:A,'product_masterlist(ifs)'!C:C,"N/A",0) -> Frames | K20: =VLOOKUP(C20,'product_masterlist(ifs)'!A:I,7,FALSE) -> 45
A21: ORD-520 | B21: 4/28/2025 | C21: SURG-L-01 | D21: 6 | E21: South | F21: Optician_B | G21: 900 | H21: 45 | I21: High Risk | J21: =_xlfn.XLOOKUP(C21,'product_masterlist(ifs)'!A:A,'product_masterlist(ifs)'!C:C,"N/A",0) -> Surgical | K21: =VLOOKUP(C21,'product_masterlist(ifs)'!A:I,7,FALSE) -> 15
A22: ORD-521 | B22: 10/27/2025 | C22: LENS-M-02 | D22: 12 | E22: South | F22: Surgeon_K | G22: 300 | H22: 21 | I22: Medium Risk | J22: =_xlfn.XLOOKUP(C22,'product_masterlist(ifs)'!A:A,'product_masterlist(ifs)'!C:C,"N/A",0) -> Contact Lenses | K22: =VLOOKUP(C22,'product_masterlist(ifs)'!A:I,7,FALSE) -> 120
A23: ORD-522 | B23: 45940 | C23: FRM-M-10 | D23: 19 | E23: West | F23: Optician_B | G23: 855 | H23: 30 | I23: Medium Risk | J23: =_xlfn.XLOOKUP(C23,'product_masterlist(ifs)'!A:A,'product_masterlist(ifs)'!C:C,"N/A",0) -> Frames | K23: =VLOOKUP(C23,'product_masterlist(ifs)'!A:I,7,FALSE) -> 45
A24: ORD-523 | B24: 11/13/2025 | C24: SURG-L-01 | D24: 2 | E24: East | F24: Optician_A | G24: 300 | H24: 45 | I24: High Risk | J24: =_xlfn.XLOOKUP(C24,'product_masterlist(ifs)'!A:A,'product_masterlist(ifs)'!C:C,"N/A",0) -> Surgical | K24: =VLOOKUP(C24,'product_masterlist(ifs)'!A:I,7,FALSE) -> 15
A25: ORD-524 | B25: 6/22/2025 | C25: LENS-M-02 | D25: 24 | E25: West | F25: Optician_C | G25: 600 | H25: 21 | I25: Medium Risk | J25: =_xlfn.XLOOKUP(C25,'product_masterlist(ifs)'!A:A,'product_masterlist(ifs)'!C:C,"N/A",0) -> Contact Lenses | K25: =VLOOKUP(C25,'product_masterlist(ifs)'!A:I,7,FALSE) -> 120
A26: ORD-525 | B26: 45717 | C26: SURG-L-01 | D26: 25 | E26: West | F26: Optician_B | G26: 3750 | H26: 45 | I26: High Risk | J26: =_xlfn.XLOOKUP(C26,'product_masterlist(ifs)'!A:A,'product_masterlist(ifs)'!C:C,"N/A",0) -> Surgical | K26: =VLOOKUP(C26,'product_masterlist(ifs)'!A:I,7,FALSE) -> 15
A27: ORD-526 | B27: 45787 | C27: LENS-D-01 | D27: 24 | E27: North | F27: Optician_A | G27: 300 | H27: 14 | I27: Low Risk | J27: =_xlfn.XLOOKUP(C27,'product_masterlist(ifs)'!A:A,'product_masterlist(ifs)'!C:C,"N/A",0) -> Contact Lenses | K27: =VLOOKUP(C27,'product_masterlist(ifs)'!A:I,7,FALSE) -> 450
A28: ORD-527 | B28: 4/21/2025 | C28: LENS-D-01 | D28: 18 | E28: South | F28: Optician_A | G28: 225 | H28: 14 | I28: Low Risk | J28: =_xlfn.XLOOKUP(C28,'product_masterlist(ifs)'!A:A,'product_masterlist(ifs)'!C:C,"N/A",0) -> Contact Lenses | K28: =VLOOKUP(C28,'product_masterlist(ifs)'!A:I,7,FALSE) -> 450
A29: ORD-528 | B29: 45725 | C29: LENS-D-01 | D29: 2 | E29: East | F29: Optician_B | G29: 25 | H29: 14 | I29: Low Risk | J29: =_xlfn.XLOOKUP(C29,'product_masterlist(ifs)'!A:A,'product_masterlist(ifs)'!C:C,"N/A",0) -> Contact Lenses | K29: =VLOOKUP(C29,'product_masterlist(ifs)'!A:I,7,FALSE) -> 450
A30: ORD-529 | B30: 2/17/2025 | C30: SOL-S-01 | D30: 9 | E30: South | F30: Optician_A | G30: 38.25 | H30: 7 | I30: Low Risk | J30: =_xlfn.XLOOKUP(C30,'product_masterlist(ifs)'!A:A,'product_masterlist(ifs)'!C:C,"N/A",0) -> Solutions | K30: =VLOOKUP(C30,'product_masterlist(ifs)'!A:I,7,FALSE) -> 800
A31: ORD-530 | B31: 45911 | C31: SURG-P-02 | D31: 3 | E31: West | F31: Optician_B | G31: 255 | H31: 30 | I31: Medium Risk | J31: =_xlfn.XLOOKUP(C31,'product_masterlist(ifs)'!A:A,'product_masterlist(ifs)'!C:C,"N/A",0) -> Surgical | K31: =VLOOKUP(C31,'product_masterlist(ifs)'!A:I,7,FALSE) -> 40
A32: ORD-531 | B32: 45698 | C32: SURG-L-01 | D32: 8 | E32: West | F32: Optician_C | G32: 1200 | H32: 45 | I32: High Risk | J32: =_xlfn.XLOOKUP(C32,'product_masterlist(ifs)'!A:A,'product_masterlist(ifs)'!C:C,"N/A",0) -> Surgical | K32: =VLOOKUP(C32,'product_masterlist(ifs)'!A:I,7,FALSE) -> 15
A33: ORD-532 | B33: 45722 | C33: FRM-M-10 | D33: 9 | E33: North | F33: Surgeon_K | G33: 405 | H33: 30 | I33: Medium Risk | J33: =_xlfn.XLOOKUP(C33,'product_masterlist(ifs)'!A:A,'product_masterlist(ifs)'!C:C,"N/A",0) -> Frames | K33: =VLOOKUP(C33,'product_masterlist(ifs)'!A:I,7,FALSE) -> 45
A34: ORD-533 | B34: 8/23/2025 | C34: SURG-L-01 | D34: 18 | E34: South | F34: Surgeon_K | G34: 2700 | H34: 45 | I34: High Risk | J34: =_xlfn.XLOOKUP(C34,'product_masterlist(ifs)'!A:A,'product_masterlist(ifs)'!C:C,"N/A",0) -> Surgical | K34: =VLOOKUP(C34,'product_masterlist(ifs)'!A:I,7,FALSE) -> 15
A35: ORD-534 | B35: 45966 | C35: LENS-M-02 | D35: 7 | E35: East | F35: Optician_C | G35: 175 | H35: 21 | I35: Medium Risk | J35: =_xlfn.XLOOKUP(C35,'product_masterlist(ifs)'!A:A,'product_masterlist(ifs)'!C:C,"N/A",0) -> Contact Lenses | K35: =VLOOKUP(C35,'product_masterlist(ifs)'!A:I,7,FALSE) -> 120
A36: ORD-535 | B36: 1/31/2025 | C36: LENS-M-02 | D36: 6 | E36: North | F36: Optician_B | G36: 150 | H36: 21 | I36: Medium Risk | J36: =_xlfn.XLOOKUP(C36,'product_masterlist(ifs)'!A:A,'product_masterlist(ifs)'!C:C,"N/A",0) -> Contact Lenses | K36: =VLOOKUP(C36,'product_masterlist(ifs)'!A:I,7,FALSE) -> 120
A37: ORD-536 | B37: 45843 | C37: LENS-M-02 | D37: 21 | E37: West | F37: Surgeon_K | G37: 525 | H37: 21 | I37: Medium Risk | J37: =_xlfn.XLOOKUP(C37,'product_masterlist(ifs)'!A:A,'product_masterlist(ifs)'!C:C,"N/A",0) -> Contact Lenses | K37: =VLOOKUP(C37,'product_masterlist(ifs)'!A:I,7,FALSE) -> 120
A38: ORD-537 | B38: 45781 | C38: LENS-D-01 | D38: 24 | E38: South | F38: Optician_B | G38: 300 | H38: 14 | I38: Low Risk | J38: =_xlfn.XLOOKUP(C38,'product_masterlist(ifs)'!A:A,'product_masterlist(ifs)'!C:C,"N/A",0) -> Contact Lenses | K38: =VLOOKUP(C38,'product_masterlist(ifs)'!A:I,7,FALSE) -> 450
A39: ORD-538 | B39: 10/31/2025 | C39: SURG-P-02 | D39: 6 | E39: South | F39: Optician_C | G39: 510 | H39: 30 | I39: Medium Risk | J39: =_xlfn.XLOOKUP(C39,'product_masterlist(ifs)'!A:A,'product_masterlist(ifs)'!C:C,"N/A",0) -> Surgical | K39: =VLOOKUP(C39,'product_masterlist(ifs)'!A:I,7,FALSE) -> 40
A40: ORD-539 | B40: 8/31/2025 | C40: FRM-W-12 | D40: 9 | E40: East | F40: Optician_B | G40: 436.5 | H40: 30 | I40: Medium Risk | J40: =_xlfn.XLOOKUP(C40,'product_masterlist(ifs)'!A:A,'product_masterlist(ifs)'!C:C,"N/A",0) -> Frames | K40: =VLOOKUP(C40,'product_masterlist(ifs)'!A:I,7,FALSE) -> 180
A41: ORD-540 | B41: 45658 | C41: SOL-S-01 | D41: 15 | E41: East | F41: Optician_A | G41: 63.75 | H41: 7 | I41: Low Risk | J41: =_xlfn.XLOOKUP(C41,'product_masterlist(ifs)'!A:A,'product_masterlist(ifs)'!C:C,"N/A",0) -> Solutions | K41: =VLOOKUP(C41,'product_masterlist(ifs)'!A:I,7,FALSE) -> 800
A42: ORD-541 | B42: 45717 | C42: SOL-S-01 | D42: 10 | E42: South | F42: Optician_C | G42: 42.5 | H42: 7 | I42: Low Risk | J42: =_xlfn.XLOOKUP(C42,'product_masterlist(ifs)'!A:A,'product_masterlist(ifs)'!C:C,"N/A",0) -> Solutions | K42: =VLOOKUP(C42,'product_masterlist(ifs)'!A:I,7,FALSE) -> 800
A43: ORD-542 | B43: 12/29/2025 | C43: LENS-D-01 | D43: 6 | E43: North | F43: Optician_C | G43: 75 | H43: 14 | I43: Low Risk | J43: =_xlfn.XLOOKUP(C43,'product_masterlist(ifs)'!A:A,'product_masterlist(ifs)'!C:C,"N/A",0) -> Contact Lenses | K43: =VLOOKUP(C43,'product_masterlist(ifs)'!A:I,7,FALSE) -> 450
A44: ORD-543 | B44: 4/28/2025 | C44: LENS-M-02 | D44: 22 | E44: West | F44: Optician_A | G44: 550 | H44: 21 | I44: Medium Risk | J44: =_xlfn.XLOOKUP(C44,'product_masterlist(ifs)'!A:A,'product_masterlist(ifs)'!C:C,"N/A",0) -> Contact Lenses | K44: =VLOOKUP(C44,'product_masterlist(ifs)'!A:I,7,FALSE) -> 120
A45: ORD-544 | B45: 12/15/2025 | C45: LENS-D-01 | D45: 1 | E45: South | F45: Optician_C | G45: 12.5 | H45: 14 | I45: Low Risk | J45: =_xlfn.XLOOKUP(C45,'product_masterlist(ifs)'!A:A,'product_masterlist(ifs)'!C:C,"N/A",0) -> Contact Lenses | K45: =VLOOKUP(C45,'product_masterlist(ifs)'!A:I,7,FALSE) -> 450
A46: ORD-545 | B46: 3/31/2025 | C46: SURG-L-01 | D46: 8 | E46: North | F46: Optician_B | G46: 1200 | H46: 45 | I46: High Risk | J46: =_xlfn.XLOOKUP(C46,'product_masterlist(ifs)'!A:A,'product_masterlist(ifs)'!C:C,"N/A",0) -> Surgical | K46: =VLOOKUP(C46,'product_masterlist(ifs)'!A:I,7,FALSE) -> 15
A47: ORD-546 | B47: 5/16/2025 | C47: LENS-M-02 | D47: 12 | E47: West | F47: Optician_B | G47: 300 | H47: 21 | I47: Medium Risk | J47: =_xlfn.XLOOKUP(C47,'product_masterlist(ifs)'!A:A,'product_masterlist(ifs)'!C:C,"N/A",0) -> Contact Lenses | K47: =VLOOKUP(C47,'product_masterlist(ifs)'!A:I,7,FALSE) -> 120
A48: ORD-547 | B48: 45789 | C48: SURG-L-01 | D48: 18 | E48: South | F48: Surgeon_K | G48: 2700 | H48: 45 | I48: High Risk | J48: =_xlfn.XLOOKUP(C48,'product_masterlist(ifs)'!A:A,'product_masterlist(ifs)'!C:C,"N/A",0) -> Surgical | K48: =VLOOKUP(C48,'product_masterlist(ifs)'!A:I,7,FALSE) -> 15
A49: ORD-548 | B49: 7/28/2025 | C49: FRM-W-12 | D49: 1 | E49: West | F49: Surgeon_K | G49: 48.5 | H49: 30 | I49: Medium Risk | J49: =_xlfn.XLOOKUP(C49,'product_masterlist(ifs)'!A:A,'product_masterlist(ifs)'!C:C,"N/A",0) -> Frames | K49: =VLOOKUP(C49,'product_masterlist(ifs)'!A:I,7,FALSE) -> 180
A50: ORD-549 | B50: 10/13/2025 | C50: FRM-M-10 | D50: 5 | E50: East | F50: Optician_B | G50: 225 | H50: 30 | I50: Medium Risk | J50: =_xlfn.XLOOKUP(C50,'product_masterlist(ifs)'!A:A,'product_masterlist(ifs)'!C:C,"N/A",0) -> Frames | K50: =VLOOKUP(C50,'product_masterlist(ifs)'!A:I,7,FALSE) -> 45
A51: ORD-550 | B51: 45725 | C51: SURG-P-02 | D51: 24 | E51: East | F51: Optician_B | G51: 2040 | H51: 30 | I51: Medium Risk | J51: =_xlfn.XLOOKUP(C51,'product_masterlist(ifs)'!A:A,'product_masterlist(ifs)'!C:C,"N/A",0) -> Surgical | K51: =VLOOKUP(C51,'product_masterlist(ifs)'!A:I,7,FALSE) -> 40
A52: ORD-551 | B52: 45870 | C52: FRM-M-10 | D52: 12 | E52: East | F52: Optician_A | G52: 540 | H52: 30 | I52: Medium Risk | J52: =_xlfn.XLOOKUP(C52,'product_masterlist(ifs)'!A:A,'product_masterlist(ifs)'!C:C,"N/A",0) -> Frames | K52: =VLOOKUP(C52,'product_masterlist(ifs)'!A:I,7,FALSE) -> 45
A53: ORD-552 | B53: 11/29/2025 | C53: SURG-P-02 | D53: 23 | E53: North | F53: Surgeon_K | G53: 1955 | H53: 30 | I53: Medium Risk | J53: =_xlfn.XLOOKUP(C53,'product_masterlist(ifs)'!A:A,'product_masterlist(ifs)'!C:C,"N/A",0) -> Surgical | K53: =VLOOKUP(C53,'product_masterlist(ifs)'!A:I,7,FALSE) -> 40
A54: ORD-553 | B54: 12/31/2025 | C54: SURG-L-01 | D54: 4 | E54: North | F54: Surgeon_K | G54: 600 | H54: 45 | I54: High Risk | J54: =_xlfn.XLOOKUP(C54,'product_masterlist(ifs)'!A:A,'product_masterlist(ifs)'!C:C,"N/A",0) -> Surgical | K54: =VLOOKUP(C54,'product_masterlist(ifs)'!A:I,7,FALSE) -> 15
A55: ORD-554 | B55: 5/31/2025 | C55: FRM-W-12 | D55: 21 | E55: North | F55: Optician_B | G55: 1018.5 | H55: 30 | I55: Medium Risk | J55: =_xlfn.XLOOKUP(C55,'product_masterlist(ifs)'!A:A,'product_masterlist(ifs)'!C:C,"N/A",0) -> Frames | K55: =VLOOKUP(C55,'product_masterlist(ifs)'!A:I,7,FALSE) -> 180
A56: ORD-555 | B56: 7/22/2025 | C56: FRM-W-12 | D56: 23 | E56: North | F56: Surgeon_K | G56: 1115.5 | H56: 30 | I56: Medium Risk | J56: =_xlfn.XLOOKUP(C56,'product_masterlist(ifs)'!A:A,'product_masterlist(ifs)'!C:C,"N/A",0) -> Frames | K56: =VLOOKUP(C56,'product_masterlist(ifs)'!A:I,7,FALSE) -> 180
A57: ORD-556 | B57: 2/27/2025 | C57: LENS-D-01 | D57: 16 | E57: East | F57: Optician_C | G57: 200 | H57: 14 | I57: Low Risk | J57: =_xlfn.XLOOKUP(C57,'product_masterlist(ifs)'!A:A,'product_masterlist(ifs)'!C:C,"N/A",0) -> Contact Lenses | K57: =VLOOKUP(C57,'product_masterlist(ifs)'!A:I,7,FALSE) -> 450
A58: ORD-557 | B58: 10/15/2025 | C58: SURG-L-01 | D58: 16 | E58: East | F58: Optician_A | G58: 2400 | H58: 45 | I58: High Risk | J58: =_xlfn.XLOOKUP(C58,'product_masterlist(ifs)'!A:A,'product_masterlist(ifs)'!C:C,"N/A",0) -> Surgical | K58: =VLOOKUP(C58,'product_masterlist(ifs)'!A:I,7,FALSE) -> 15
A59: ORD-558 | B59: 8/20/2025 | C59: FRM-W-12 | D59: 1 | E59: South | F59: Optician_A | G59: 48.5 | H59: 30 | I59: Medium Risk | J59: =_xlfn.XLOOKUP(C59,'product_masterlist(ifs)'!A:A,'product_masterlist(ifs)'!C:C,"N/A",0) -> Frames | K59: =VLOOKUP(C59,'product_masterlist(ifs)'!A:I,7,FALSE) -> 180
A60: ORD-559 | B60: 2/14/2025 | C60: LENS-M-02 | D60: 16 | E60: North | F60: Optician_B | G60: 400 | H60: 21 | I60: Medium Risk | J60: =_xlfn.XLOOKUP(C60,'product_masterlist(ifs)'!A:A,'product_masterlist(ifs)'!C:C,"N/A",0) -> Contact Lenses | K60: =VLOOKUP(C60,'product_masterlist(ifs)'!A:I,7,FALSE) -> 120
A61: ORD-560 | B61: 45871 | C61: SURG-P-02 | D61: 15 | E61: South | F61: Optician_B | G61: 1275 | H61: 30 | I61: Medium Risk | J61: =_xlfn.XLOOKUP(C61,'product_masterlist(ifs)'!A:A,'product_masterlist(ifs)'!C:C,"N/A",0) -> Surgical | K61: =VLOOKUP(C61,'product_masterlist(ifs)'!A:I,7,FALSE) -> 40
A62: ORD-561 | B62: 45788 | C62: FRM-W-12 | D62: 2 | E62: West | F62: Optician_B | G62: 97 | H62: 30 | I62: Medium Risk | J62: =_xlfn.XLOOKUP(C62,'product_masterlist(ifs)'!A:A,'product_masterlist(ifs)'!C:C,"N/A",0) -> Frames | K62: =VLOOKUP(C62,'product_masterlist(ifs)'!A:I,7,FALSE) -> 180
A63: ORD-562 | B63: 8/30/2025 | C63: SURG-L-01 | D63: 21 | E63: North | F63: Surgeon_K | G63: 3150 | H63: 45 | I63: High Risk | J63: =_xlfn.XLOOKUP(C63,'product_masterlist(ifs)'!A:A,'product_masterlist(ifs)'!C:C,"N/A",0) -> Surgical | K63: =VLOOKUP(C63,'product_masterlist(ifs)'!A:I,7,FALSE) -> 15
A64: ORD-563 | B64: 45812 | C64: FRM-W-12 | D64: 20 | E64: North | F64: Optician_A | G64: 970 | H64: 30 | I64: Medium Risk | J64: =_xlfn.XLOOKUP(C64,'product_masterlist(ifs)'!A:A,'product_masterlist(ifs)'!C:C,"N/A",0) -> Frames | K64: =VLOOKUP(C64,'product_masterlist(ifs)'!A:I,7,FALSE) -> 180
A65: ORD-564 | B65: 9/24/2025 | C65: SURG-L-01 | D65: 17 | E65: North | F65: Surgeon_K | G65: 2550 | H65: 45 | I65: High Risk | J65: =_xlfn.XLOOKUP(C65,'product_masterlist(ifs)'!A:A,'product_masterlist(ifs)'!C:C,"N/A",0) -> Surgical | K65: =VLOOKUP(C65,'product_masterlist(ifs)'!A:I,7,FALSE) -> 15
A66: ORD-565 | B66: 45748 | C66: LENS-M-02 | D66: 3 | E66: East | F66: Optician_C | G66: 75 | H66: 21 | I66: Medium Risk | J66: =_xlfn.XLOOKUP(C66,'product_masterlist(ifs)'!A:A,'product_masterlist(ifs)'!C:C,"N/A",0) -> Contact Lenses | K66: =VLOOKUP(C66,'product_masterlist(ifs)'!A:I,7,FALSE) -> 120
A67: ORD-566 | B67: 11/21/2025 | C67: SOL-S-01 | D67: 9 | E67: South | F67: Optician_C | G67: 38.25 | H67: 7 | I67: Low Risk | J67: =_xlfn.XLOOKUP(C67,'product_masterlist(ifs)'!A:A,'product_masterlist(ifs)'!C:C,"N/A",0) -> Solutions | K67: =VLOOKUP(C67,'product_masterlist(ifs)'!A:I,7,FALSE) -> 800
A68: ORD-567 | B68: 45787 | C68: SOL-S-01 | D68: 10 | E68: West | F68: Surgeon_K | G68: 42.5 | H68: 7 | I68: Low Risk | J68: =_xlfn.XLOOKUP(C68,'product_masterlist(ifs)'!A:A,'product_masterlist(ifs)'!C:C,"N/A",0) -> Solutions | K68: =VLOOKUP(C68,'product_masterlist(ifs)'!A:I,7,FALSE) -> 800
A69: ORD-568 | B69: 9/27/2025 | C69: FRM-W-12 | D69: 18 | E69: South | F69: Optician_B | G69: 873 | H69: 30 | I69: Medium Risk | J69: =_xlfn.XLOOKUP(C69,'product_masterlist(ifs)'!A:A,'product_masterlist(ifs)'!C:C,"N/A",0) -> Frames | K69: =VLOOKUP(C69,'product_masterlist(ifs)'!A:I,7,FALSE) -> 180
A70: ORD-569 | B70: 4/30/2025 | C70: FRM-M-10 | D70: 22 | E70: North | F70: Optician_A | G70: 990 | H70: 30 | I70: Medium Risk | J70: =_xlfn.XLOOKUP(C70,'product_masterlist(ifs)'!A:A,'product_masterlist(ifs)'!C:C,"N/A",0) -> Frames | K70: =VLOOKUP(C70,'product_masterlist(ifs)'!A:I,7,FALSE) -> 45
A71: ORD-570 | B71: 45848 | C71: SURG-L-01 | D71: 20 | E71: East | F71: Optician_B | G71: 3000 | H71: 45 | I71: High Risk | J71: =_xlfn.XLOOKUP(C71,'product_masterlist(ifs)'!A:A,'product_masterlist(ifs)'!C:C,"N/A",0) -> Surgical | K71: =VLOOKUP(C71,'product_masterlist(ifs)'!A:I,7,FALSE) -> 15
A72: ORD-571 | B72: 4/22/2025 | C72: SURG-L-01 | D72: 25 | E72: South | F72: Optician_B | G72: 3750 | H72: 45 | I72: High Risk | J72: =_xlfn.XLOOKUP(C72,'product_masterlist(ifs)'!A:A,'product_masterlist(ifs)'!C:C,"N/A",0) -> Surgical | K72: =VLOOKUP(C72,'product_masterlist(ifs)'!A:I,7,FALSE) -> 15
A73: ORD-572 | B73: 1/22/2025 | C73: LENS-D-01 | D73: 17 | E73: North | F73: Optician_C | G73: 212.5 | H73: 14 | I73: Low Risk | J73: =_xlfn.XLOOKUP(C73,'product_masterlist(ifs)'!A:A,'product_masterlist(ifs)'!C:C,"N/A",0) -> Contact Lenses | K73: =VLOOKUP(C73,'product_masterlist(ifs)'!A:I,7,FALSE) -> 450
A74: ORD-573 | B74: 5/21/2025 | C74: SURG-L-01 | D74: 12 | E74: West | F74: Optician_A | G74: 1800 | H74: 45 | I74: High Risk | J74: =_xlfn.XLOOKUP(C74,'product_masterlist(ifs)'!A:A,'product_masterlist(ifs)'!C:C,"N/A",0) -> Surgical | K74: =VLOOKUP(C74,'product_masterlist(ifs)'!A:I,7,FALSE) -> 15
A75: ORD-574 | B75: 45788 | C75: LENS-D-01 | D75: 5 | E75: South | F75: Optician_B | G75: 62.5 | H75: 14 | I75: Low Risk | J75: =_xlfn.XLOOKUP(C75,'product_masterlist(ifs)'!A:A,'product_masterlist(ifs)'!C:C,"N/A",0) -> Contact Lenses | K75: =VLOOKUP(C75,'product_masterlist(ifs)'!A:I,7,FALSE) -> 450
A76: ORD-575 | B76: 45967 | C76: FRM-M-10 | D76: 11 | E76: East | F76: Optician_C | G76: 495 | H76: 30 | I76: Medium Risk | J76: =_xlfn.XLOOKUP(C76,'product_masterlist(ifs)'!A:A,'product_masterlist(ifs)'!C:C,"N/A",0) -> Frames | K76: =VLOOKUP(C76,'product_masterlist(ifs)'!A:I,7,FALSE) -> 45
A77: ORD-576 | B77: 45880 | C77: FRM-M-10 | D77: 17 | E77: North | F77: Optician_A | G77: 765 | H77: 30 | I77: Medium Risk | J77: =_xlfn.XLOOKUP(C77,'product_masterlist(ifs)'!A:A,'product_masterlist(ifs)'!C:C,"N/A",0) -> Frames | K77: =VLOOKUP(C77,'product_masterlist(ifs)'!A:I,7,FALSE) -> 45
A78: ORD-577 | B78: 9/15/2025 | C78: SURG-L-01 | D78: 20 | E78: South | F78: Surgeon_K | G78: 3000 | H78: 45 | I78: High Risk | J78: =_xlfn.XLOOKUP(C78,'product_masterlist(ifs)'!A:A,'product_masterlist(ifs)'!C:C,"N/A",0) -> Surgical | K78: =VLOOKUP(C78,'product_masterlist(ifs)'!A:I,7,FALSE) -> 15
A79: ORD-578 | B79: 4/16/2025 | C79: LENS-D-01 | D79: 23 | E79: North | F79: Surgeon_K | G79: 287.5 | H79: 14 | I79: Low Risk | J79: =_xlfn.XLOOKUP(C79,'product_masterlist(ifs)'!A:A,'product_masterlist(ifs)'!C:C,"N/A",0) -> Contact Lenses | K79: =VLOOKUP(C79,'product_masterlist(ifs)'!A:I,7,FALSE) -> 450
A80: ORD-579 | B80: 45934 | C80: SURG-L-01 | D80: 2 | E80: East | F80: Surgeon_K | G80: 300 | H80: 45 | I80: High Risk | J80: =_xlfn.XLOOKUP(C80,'product_masterlist(ifs)'!A:A,'product_masterlist(ifs)'!C:C,"N/A",0) -> Surgical | K80: =VLOOKUP(C80,'product_masterlist(ifs)'!A:I,7,FALSE) -> 15
A81: ORD-580 | B81: 1/14/2025 | C81: FRM-M-10 | D81: 17 | E81: West | F81: Optician_A | G81: 765 | H81: 30 | I81: Medium Risk | J81: =_xlfn.XLOOKUP(C81,'product_masterlist(ifs)'!A:A,'product_masterlist(ifs)'!C:C,"N/A",0) -> Frames | K81: =VLOOKUP(C81,'product_masterlist(ifs)'!A:I,7,FALSE) -> 45
A82: ORD-581 | B82: 45817 | C82: SURG-P-02 | D82: 1 | E82: West | F82: Surgeon_K | G82: 85 | H82: 30 | I82: Medium Risk | J82: =_xlfn.XLOOKUP(C82,'product_masterlist(ifs)'!A:A,'product_masterlist(ifs)'!C:C,"N/A",0) -> Surgical | K82: =VLOOKUP(C82,'product_masterlist(ifs)'!A:I,7,FALSE) -> 40
A83: ORD-582 | B83: 8/19/2025 | C83: FRM-M-10 | D83: 10 | E83: South | F83: Optician_C | G83: 450 | H83: 30 | I83: Medium Risk | J83: =_xlfn.XLOOKUP(C83,'product_masterlist(ifs)'!A:A,'product_masterlist(ifs)'!C:C,"N/A",0) -> Frames | K83: =VLOOKUP(C83,'product_masterlist(ifs)'!A:I,7,FALSE) -> 45
A84: ORD-583 | B84: 45876 | C84: LENS-D-01 | D84: 9 | E84: West | F84: Surgeon_K | G84: 112.5 | H84: 14 | I84: Low Risk | J84: =_xlfn.XLOOKUP(C84,'product_masterlist(ifs)'!A:A,'product_masterlist(ifs)'!C:C,"N/A",0) -> Contact Lenses | K84: =VLOOKUP(C84,'product_masterlist(ifs)'!A:I,7,FALSE) -> 450
A85: ORD-584 | B85: 45696 | C85: SOL-S-01 | D85: 20 | E85: South | F85: Optician_A | G85: 85 | H85: 7 | I85: Low Risk | J85: =_xlfn.XLOOKUP(C85,'product_masterlist(ifs)'!A:A,'product_masterlist(ifs)'!C:C,"N/A",0) -> Solutions | K85: =VLOOKUP(C85,'product_masterlist(ifs)'!A:I,7,FALSE) -> 800
A86: ORD-585 | B86: 3/25/2025 | C86: FRM-W-12 | D86: 16 | E86: South | F86: Optician_A | G86: 776 | H86: 30 | I86: Medium Risk | J86: =_xlfn.XLOOKUP(C86,'product_masterlist(ifs)'!A:A,'product_masterlist(ifs)'!C:C,"N/A",0) -> Frames | K86: =VLOOKUP(C86,'product_masterlist(ifs)'!A:I,7,FALSE) -> 180
A87: ORD-586 | B87: 12/23/2025 | C87: SOL-S-01 | D87: 22 | E87: West | F87: Optician_A | G87: 93.5 | H87: 7 | I87: Low Risk | J87: =_xlfn.XLOOKUP(C87,'product_masterlist(ifs)'!A:A,'product_masterlist(ifs)'!C:C,"N/A",0) -> Solutions | K87: =VLOOKUP(C87,'product_masterlist(ifs)'!A:I,7,FALSE) -> 800
A88: ORD-587 | B88: 45690 | C88: LENS-M-02 | D88: 13 | E88: South | F88: Optician_C | G88: 325 | H88: 21 | I88: Medium Risk | J88: =_xlfn.XLOOKUP(C88,'product_masterlist(ifs)'!A:A,'product_masterlist(ifs)'!C:C,"N/A",0) -> Contact Lenses | K88: =VLOOKUP(C88,'product_masterlist(ifs)'!A:I,7,FALSE) -> 120
A89: ORD-588 | B89: 45970 | C89: FRM-W-12 | D89: 18 | E89: South | F89: Optician_A | G89: 873 | H89: 30 | I89: Medium Risk | J89: =_xlfn.XLOOKUP(C89,'product_masterlist(ifs)'!A:A,'product_masterlist(ifs)'!C:C,"N/A",0) -> Frames | K89: =VLOOKUP(C89,'product_masterlist(ifs)'!A:I,7,FALSE) -> 180
A90: ORD-589 | B90: 5/19/2025 | C90: FRM-W-12 | D90: 7 | E90: North | F90: Optician_A | G90: 339.5 | H90: 30 | I90: Medium Risk | J90: =_xlfn.XLOOKUP(C90,'product_masterlist(ifs)'!A:A,'product_masterlist(ifs)'!C:C,"N/A",0) -> Frames | K90: =VLOOKUP(C90,'product_masterlist(ifs)'!A:I,7,FALSE) -> 180
A91: ORD-590 | B91: 10/28/2025 | C91: FRM-M-10 | D91: 1 | E91: East | F91: Surgeon_K | G91: 45 | H91: 30 | I91: Medium Risk | J91: =_xlfn.XLOOKUP(C91,'product_masterlist(ifs)'!A:A,'product_masterlist(ifs)'!C:C,"N/A",0) -> Frames | K91: =VLOOKUP(C91,'product_masterlist(ifs)'!A:I,7,FALSE) -> 45
A92: ORD-591 | B92: 7/28/2025 | C92: SOL-S-01 | D92: 10 | E92: North | F92: Surgeon_K | G92: 42.5 | H92: 7 | I92: Low Risk | J92: =_xlfn.XLOOKUP(C92,'product_masterlist(ifs)'!A:A,'product_masterlist(ifs)'!C:C,"N/A",0) -> Solutions | K92: =VLOOKUP(C92,'product_masterlist(ifs)'!A:I,7,FALSE) -> 800
A93: ORD-592 | B93: 9/30/2025 | C93: LENS-M-02 | D93: 10 | E93: West | F93: Optician_B | G93: 250 | H93: 21 | I93: Medium Risk | J93: =_xlfn.XLOOKUP(C93,'product_masterlist(ifs)'!A:A,'product_masterlist(ifs)'!C:C,"N/A",0) -> Contact Lenses | K93: =VLOOKUP(C93,'product_masterlist(ifs)'!A:I,7,FALSE) -> 120
A94: ORD-593 | B94: 45697 | C94: SOL-S-01 | D94: 13 | E94: East | F94: Optician_A | G94: 55.25 | H94: 7 | I94: Low Risk | J94: =_xlfn.XLOOKUP(C94,'product_masterlist(ifs)'!A:A,'product_masterlist(ifs)'!C:C,"N/A",0) -> Solutions | K94: =VLOOKUP(C94,'product_masterlist(ifs)'!A:I,7,FALSE) -> 800
A95: ORD-594 | B95: 45782 | C95: SURG-P-02 | D95: 2 | E95: West | F95: Optician_C | G95: 170 | H95: 30 | I95: Medium Risk | J95: =_xlfn.XLOOKUP(C95,'product_masterlist(ifs)'!A:A,'product_masterlist(ifs)'!C:C,"N/A",0) -> Surgical | K95: =VLOOKUP(C95,'product_masterlist(ifs)'!A:I,7,FALSE) -> 40
A96: ORD-595 | B96: 45662 | C96: LENS-D-01 | D96: 4 | E96: South | F96: Optician_C | G96: 50 | H96: 14 | I96: Low Risk | J96: =_xlfn.XLOOKUP(C96,'product_masterlist(ifs)'!A:A,'product_masterlist(ifs)'!C:C,"N/A",0) -> Contact Lenses | K96: =VLOOKUP(C96,'product_masterlist(ifs)'!A:I,7,FALSE) -> 450
A97: ORD-596 | B97: 12/22/2025 | C97: SURG-L-01 | D97: 17 | E97: South | F97: Surgeon_K | G97: 2550 | H97: 45 | I97: High Risk | J97: =_xlfn.XLOOKUP(C97,'product_masterlist(ifs)'!A:A,'product_masterlist(ifs)'!C:C,"N/A",0) -> Surgical | K97: =VLOOKUP(C97,'product_masterlist(ifs)'!A:I,7,FALSE) -> 15
A98: ORD-597 | B98: 10/16/2025 | C98: SOL-S-01 | D98: 19 | E98: West | F98: Surgeon_K | G98: 80.75 | H98: 7 | I98: Low Risk | J98: =_xlfn.XLOOKUP(C98,'product_masterlist(ifs)'!A:A,'product_masterlist(ifs)'!C:C,"N/A",0) -> Solutions | K98: =VLOOKUP(C98,'product_masterlist(ifs)'!A:I,7,FALSE) -> 800
A99: ORD-598 | B99: 11/24/2025 | C99: SOL-S-01 | D99: 21 | E99: North | F99: Optician_B | G99: 89.25 | H99: 7 | I99: Low Risk | J99: =_xlfn.XLOOKUP(C99,'product_masterlist(ifs)'!A:A,'product_masterlist(ifs)'!C:C,"N/A",0) -> Solutions | K99: =VLOOKUP(C99,'product_masterlist(ifs)'!A:I,7,FALSE) -> 800
A100: ORD-599 | B100: 1/16/2025 | C100: LENS-M-02 | D100: 13 | E100: North | F100: Surgeon_K | G100: 325 | H100: 21 | I100: Medium Risk | J100: =_xlfn.XLOOKUP(C100,'product_masterlist(ifs)'!A:A,'product_masterlist(ifs)'!C:C,"N/A",0) -> Contact Lenses | K100: =VLOOKUP(C100,'product_masterlist(ifs)'!A:I,7,FALSE) -> 120
...

Sheet product_masterlist(ifs)
A1: SKU | B1: Description | C1: Category | D1: Supplier | E1: Unit_Cost | F1: Lead_Time_Days | G1: Stock_Level | H1: Reorder_Point | I1: Total_Value | J1: Stock_Status
A2: LENS-D-01 | B2: Daily Contacts | C2: Contact Lenses | D2: ClearVision | E2: 12.5 | F2: 14 | G2: 450 | H2: 500 | I2: 5625 | J2: {=_xlfn.IFS(G2<H2,"Reorder",G2>2*H2,"Healthy",G2>=H2,"Low Stock")} -> Reorder
A3: LENS-M-02 | B3: Monthly Toric | C3: Contact Lenses | D3: ClearVision | E3: 25 | F3: 21 | G3: 120 | H3: 150 | I3: 3000 | J3: {=_xlfn.IFS(G3<H3,"Reorder",G3>2*H3,"Healthy",G3>=H3,"Low Stock")} -> Reorder
A4: FRM-M-10 | B4: Men's Aviator | C4: Frames | D4: OptiStyle | E4: 45 | F4: 30 | G4: 45 | H4: 50 | I4: 2025 | J4: {=_xlfn.IFS(G4<H4,"Reorder",G4>2*H4,"Healthy",G4>=H4,"Low Stock")} -> Reorder
A5: FRM-W-12 | B5: Women's Cat Eye | C5: Frames | D5: OptiStyle | E5: 48.5 | F5: 30 | G5: 180 | H5: 50 | I5: 8730 | J5: {=_xlfn.IFS(G5<H5,"Reorder",G5>2*H5,"Healthy",G5>=H5,"Low Stock")} -> Healthy
A6: SOL-S-01 | B6: Saline 300ml | C6: Solutions | D6: AquaDrop | E6: 4.25 | F6: 7 | G6: 800 | H6: 400 | I6: 3400 | J6: {=_xlfn.IFS(G6<H6,"Reorder",G6>2*H6,"Healthy",G6>=H6,"Low Stock")} -> Low Stock
A7: SURG-L-01 | B7: Intraocular Lens | C7: Surgical | D7: MedEye Tech | E7: 150 | F7: 45 | G7: 15 | H7: 20 | I7: 2250 | J7: {=_xlfn.IFS(G7<H7,"Reorder",G7>2*H7,"Healthy",G7>=H7,"Low Stock")} -> Reorder
A8: SURG-P-02 | B8: Phaco Tip | C8: Surgical | D8: MedEye Tech | E8: 85 | F8: 30 | G8: 40 | H8: 25 | I8: 3400 | J8: {=_xlfn.IFS(G8<H8,"Reorder",G8>2*H8,"Healthy",G8>=H8,"Low Stock")} -> Low Stock

Sheet product_summary (Hlookup)
A6: Table Information
A7: SKU | B7: LENS-D-01 | C7: LENS-M-02 | D7: FRM-M-10 | E7: FRM-W-12 | F7: SOL-S-01 | G7: SURG-L-01 | H7: SURG-P-02
A8: Description | B8: Daily Contacts | C8: Monthly Toric | D8: Men's Aviator | E8: Women's Cat Eye | F8: Saline 300ml | G8: Intraocular Lens | H8: Phaco Tip
A9: Category | B9: Contact Lenses | C9: Contact Lenses | D9: Frames | E9: Frames | F9: Solutions | G9: Surgical | H9: Surgical
A10: Supplier | B10: ClearVision | C10: ClearVision | D10: OptiStyle | E10: OptiStyle | F10: AquaDrop | G10: MedEye Tech | H10: MedEye Tech
A11: Unit_Cost | B11: 12.5 | C11: 25 | D11: 45 | E11: 48.5 | F11: 4.25 | G11: 150 | H11: 85
A12: Lead_Time_Days | B12: 14 | C12: 21 | D12: 30 | E12: 30 | F12: 7 | G12: 45 | H12: 30
A13: Stock_Level | B13: 450 | C13: 120 | D13: 45 | E13: 180 | F13: 800 | G13: 15 | H13: 40
A14: Reorder_Point | B14: 500 | C14: 150 | D14: 50 | E14: 50 | F14: 400 | G14: 20 | H14: 25
A15: Total_Value | B15: 5625 | C15: 3000 | D15: 2025 | E15: 8730 | F15: 3400 | G15: 2250 | H15: 3400
A17: Table HLOOKUP
A18: SKU | B18: SURG-P-02 | C18: FRM-M-10 | D18: SURG-P-02 | E18: LENS-D-01 | F18: SURG-L-01 | G18: LENS-M-02
A19: Stock_Level | B19: =HLOOKUP(B18,A7:H15,7,FALSE) -> 40 | C19: =HLOOKUP(C18,B7:I15,7,FALSE) -> 45 | D19: =HLOOKUP(D18,C7:J15,7,FALSE) -> 40 | E19: =HLOOKUP(E18,A7:H15,7,FALSE) -> 450 | F19: =HLOOKUP(F18,G7:N15,7,FALSE) -> 15 | G19: =HLOOKUP(G18,A7:H15,7,FALSE) -> 120
A20: Lead_Time_Days | B20: =HLOOKUP(B18,A7:H15,6,FALSE) -> 30 | C20: =HLOOKUP(C18,B7:I15,6,FALSE) -> 30 | D20: =HLOOKUP(D18,C7:J15,6,FALSE) -> 30 | E20: =HLOOKUP(E18,A7:H15,6,FALSE) -> 14 | F20: =HLOOKUP(F18,G7:N15,6,FALSE) -> 45 | G20: =HLOOKUP(G18,A7:H15,6,FALSE) -> 21

Sheet inventory_transactions(countif)
A1: Order_ID | B1: Date | C1: SKU | D1: Qty_Sold | E1: Location | F1: Staff_ID | G1: Revenue | H1: Lead_Time | I1: Risk_Level | J1: Category | K1: Stock_Level
A2: ORD-501 | B2: 9/22/2025 | C2: SURG-P-02 | D2: 18 | E2: North | F2: Optician_A | G2: 1530 | H2: 30 | I2: Medium Risk | J2: =_xlfn.XLOOKUP('inventory_transactions(countif)'!C2,'product_masterlist(ifs)'!A:A,'product_masterlist(ifs)'!C:C,,0) -> Surgical | K2: =VLOOKUP(C2,'product_masterlist(ifs)'!A:I,7,FALSE) -> 40
A3: ORD-502 | B3: 8/16/2025 | C3: FRM-M-10 | D3: 4 | E3: North | F3: Optician_C | G3: 180 | H3: 30 | I3: Medium Risk | J3: =_xlfn.XLOOKUP(C3,'product_masterlist(ifs)'!A:A,'product_masterlist(ifs)'!C:C,"N/A",0) -> Frames | K3: =VLOOKUP(C3,'product_masterlist(ifs)'!A:I,7,FALSE) -> 45
A4: ORD-503 | B4: 45840 | C4: SURG-P-02 | D4: 13 | E4: East | F4: Optician_A | G4: 1105 | H4: 30 | I4: Medium Risk | J4: =_xlfn.XLOOKUP(C4,'product_masterlist(ifs)'!A:A,'product_masterlist(ifs)'!C:C,"N/A",0) -> Surgical | K4: =VLOOKUP(C4,'product_masterlist(ifs)'!A:I,7,FALSE) -> 40
A5: ORD-504 | B5: 45937 | C5: SURG-P-02 | D5: 16 | E5: West | F5: Surgeon_K | G5: 1360 | H5: 30 | I5: Medium Risk | J5: =_xlfn.XLOOKUP(C5,'product_masterlist(ifs)'!A:A,'product_masterlist(ifs)'!C:C,"N/A",0) -> Surgical | K5: =VLOOKUP(C5,'product_masterlist(ifs)'!A:I,7,FALSE) -> 40 | N5: Risk_Level | O5: Amount
A6: ORD-505 | B6: 5/29/2025 | C6: LENS-D-01 | D6: 7 | E6: West | F6: Optician_A | G6: 87.5 | H6: 14 | I6: Low Risk | J6: =_xlfn.XLOOKUP(C6,'product_masterlist(ifs)'!A:A,'product_masterlist(ifs)'!C:C,"N/A",0) -> Contact Lenses | K6: =VLOOKUP(C6,'product_masterlist(ifs)'!A:I,7,FALSE) -> 450 | N6: High Risk | O6: =COUNTIF(I:I,I8) -> 192
A7: ORD-506 | B7: 1/26/2025 | C7: SURG-P-02 | D7: 24 | E7: East | F7: Optician_B | G7: 2040 | H7: 30 | I7: Medium Risk | J7: =_xlfn.XLOOKUP(C7,'product_masterlist(ifs)'!A:A,'product_masterlist(ifs)'!C:C,"N/A",0) -> Surgical | K7: =VLOOKUP(C7,'product_masterlist(ifs)'!A:I,7,FALSE) -> 40
A8: ORD-507 | B8: 45999 | C8: SURG-L-01 | D8: 10 | E8: North | F8: Optician_C | G8: 1500 | H8: 45 | I8: High Risk | J8: =_xlfn.XLOOKUP(C8,'product_masterlist(ifs)'!A:A,'product_masterlist(ifs)'!C:C,"N/A",0) -> Surgical | K8: =VLOOKUP(C8,'product_masterlist(ifs)'!A:I,7,FALSE) -> 15
A9: ORD-508 | B9: 4/24/2025 | C9: LENS-D-01 | D9: 8 | E9: South | F9: Optician_C | G9: 100 | H9: 14 | I9: Low Risk | J9: =_xlfn.XLOOKUP(C9,'product_masterlist(ifs)'!A:A,'product_masterlist(ifs)'!C:C,"N/A",0) -> Contact Lenses | K9: =VLOOKUP(C9,'product_masterlist(ifs)'!A:I,7,FALSE) -> 450
A10: ORD-509 | B10: 5/21/2025 | C10: LENS-D-01 | D10: 3 | E10: South | F10: Optician_A | G10: 37.5 | H10: 14 | I10: Low Risk | J10: =_xlfn.XLOOKUP(C10,'product_masterlist(ifs)'!A:A,'product_masterlist(ifs)'!C:C,"N/A",0) -> Contact Lenses | K10: =VLOOKUP(C10,'product_masterlist(ifs)'!A:I,7,FALSE) -> 450
A11: ORD-510 | B11: 45699 | C11: LENS-M-02 | D11: 21 | E11: West | F11: Optician_C | G11: 525 | H11: 21 | I11: Medium Risk | J11: =_xlfn.XLOOKUP(C11,'product_masterlist(ifs)'!A:A,'product_masterlist(ifs)'!C:C,"N/A",0) -> Contact Lenses | K11: =VLOOKUP(C11,'product_masterlist(ifs)'!A:I,7,FALSE) -> 120 | N11: Risk_Level | O11: Location | P11: Amount
A12: ORD-511 | B12: 7/30/2025 | C12: LENS-D-01 | D12: 7 | E12: West | F12: Optician_B | G12: 87.5 | H12: 14 | I12: Low Risk | J12: =_xlfn.XLOOKUP(C12,'product_masterlist(ifs)'!A:A,'product_masterlist(ifs)'!C:C,"N/A",0) -> Contact Lenses | K12: =VLOOKUP(C12,'product_masterlist(ifs)'!A:I,7,FALSE) -> 450 | N12: High Risk | O12: West | P12: =COUNTIFS(I:I,N12,E:E,O12) -> 53
A13: ORD-512 | B13: 1/20/2025 | C13: LENS-D-01 | D13: 11 | E13: North | F13: Optician_A | G13: 137.5 | H13: 14 | I13: Low Risk | J13: =_xlfn.XLOOKUP(C13,'product_masterlist(ifs)'!A:A,'product_masterlist(ifs)'!C:C,"N/A",0) -> Contact Lenses | K13: =VLOOKUP(C13,'product_masterlist(ifs)'!A:I,7,FALSE) -> 450
A14: ORD-513 | B14: 45908 | C14: FRM-M-10 | D14: 8 | E14: East | F14: Optician_C | G14: 360 | H14: 30 | I14: Medium Risk | J14: =_xlfn.XLOOKUP(C14,'product_masterlist(ifs)'!A:A,'product_masterlist(ifs)'!C:C,"N/A",0) -> Frames | K14: =VLOOKUP(C14,'product_masterlist(ifs)'!A:I,7,FALSE) -> 45
A15: ORD-514 | B15: 46003 | C15: SURG-P-02 | D15: 25 | E15: South | F15: Optician_C | G15: 2125 | H15: 30 | I15: Medium Risk | J15: =_xlfn.XLOOKUP(C15,'product_masterlist(ifs)'!A:A,'product_masterlist(ifs)'!C:C,"N/A",0) -> Surgical | K15: =VLOOKUP(C15,'product_masterlist(ifs)'!A:I,7,FALSE) -> 40
A16: ORD-515 | B16: 45750 | C16: SURG-L-01 | D16: 1 | E16: East | F16: Optician_C | G16: 150 | H16: 45 | I16: High Risk | J16: =_xlfn.XLOOKUP(C16,'product_masterlist(ifs)'!A:A,'product_masterlist(ifs)'!C:C,"N/A",0) -> Surgical | K16: =VLOOKUP(C16,'product_masterlist(ifs)'!A:I,7,FALSE) -> 15
A17: ORD-516 | B17: 12/26/2025 | C17: SOL-S-01 | D17: 19 | E17: North | F17: Optician_A | G17: 80.75 | H17: 7 | I17: Low Risk | J17: =_xlfn.XLOOKUP(C17,'product_masterlist(ifs)'!A:A,'product_masterlist(ifs)'!C:C,"N/A",0) -> Solutions | K17: =VLOOKUP(C17,'product_masterlist(ifs)'!A:I,7,FALSE) -> 800
A18: ORD-517 | B18: 45757 | C18: SURG-L-01 | D18: 23 | E18: West | F18: Optician_B | G18: 3450 | H18: 45 | I18: High Risk | J18: =_xlfn.XLOOKUP(C18,'product_masterlist(ifs)'!A:A,'product_masterlist(ifs)'!C:C,"N/A",0) -> Surgical | K18: =VLOOKUP(C18,'product_masterlist(ifs)'!A:I,7,FALSE) -> 15 | N18: Location | O18: Amount
A19: ORD-518 | B19: 45845 | C19: FRM-M-10 | D19: 19 | E19: West | F19: Optician_B | G19: 855 | H19: 30 | I19: Medium Risk | J19: =_xlfn.XLOOKUP(C19,'product_masterlist(ifs)'!A:A,'product_masterlist(ifs)'!C:C,"N/A",0) -> Frames | K19: =VLOOKUP(C19,'product_masterlist(ifs)'!A:I,7,FALSE) -> 45 | N19: West | O19: =COUNTIF(E:E,N19) -> 364
A20: ORD-519 | B20: 5/22/2025 | C20: FRM-M-10 | D20: 16 | E20: South | F20: Optician_A | G20: 720 | H20: 30 | I20: Medium Risk | J20: =_xlfn.XLOOKUP(C20,'product_masterlist(ifs)'!A:A,'product_masterlist(ifs)'!C:C,"N/A",0) -> Frames | K20: =VLOOKUP(C20,'product_masterlist(ifs)'!A:I,7,FALSE) -> 45
A21: ORD-520 | B21: 4/28/2025 | C21: SURG-L-01 | D21: 6 | E21: South | F21: Optician_B | G21: 900 | H21: 45 | I21: High Risk | J21: =_xlfn.XLOOKUP(C21,'product_masterlist(ifs)'!A:A,'product_masterlist(ifs)'!C:C,"N/A",0) -> Surgical | K21: =VLOOKUP(C21,'product_masterlist(ifs)'!A:I,7,FALSE) -> 15 | N21: Location | O21: Risk_Level | P21: Amount
A22: ORD-521 | B22: 10/27/2025 | C22: LENS-M-02 | D22: 12 | E22: South | F22: Surgeon_K | G22: 300 | H22: 21 | I22: Medium Risk | J22: =_xlfn.XLOOKUP(C22,'product_masterlist(ifs)'!A:A,'product_masterlist(ifs)'!C:C,"N/A",0) -> Contact Lenses | K22: =VLOOKUP(C22,'product_masterlist(ifs)'!A:I,7,FALSE) -> 120 | N22: West | O22: High Risk | P22: =COUNTIFS(E:E,N22,I:I,O22) -> 53
A23: ORD-522 | B23: 45940 | C23: FRM-M-10 | D23: 19 | E23: West | F23: Optician_B | G23: 855 | H23: 30 | I23: Medium Risk | J23: =_xlfn.XLOOKUP(C23,'product_masterlist(ifs)'!A:A,'product_masterlist(ifs)'!C:C,"N/A",0) -> Frames | K23: =VLOOKUP(C23,'product_masterlist(ifs)'!A:I,7,FALSE) -> 45
A24: ORD-523 | B24: 11/13/2025 | C24: SURG-L-01 | D24: 2 | E24: East | F24: Optician_A | G24: 300 | H24: 45 | I24: High Risk | J24: =_xlfn.XLOOKUP(C24,'product_masterlist(ifs)'!A:A,'product_masterlist(ifs)'!C:C,"N/A",0) -> Surgical | K24: =VLOOKUP(C24,'product_masterlist(ifs)'!A:I,7,FALSE) -> 15 | R24: =P22/O19 -> 0.1456044
A25: ORD-524 | B25: 6/22/2025 | C25: LENS-M-02 | D25: 24 | E25: West | F25: Optician_C | G25: 600 | H25: 21 | I25: Medium Risk | J25: =_xlfn.XLOOKUP(C25,'product_masterlist(ifs)'!A:A,'product_masterlist(ifs)'!C:C,"N/A",0) -> Contact Lenses | K25: =VLOOKUP(C25,'product_masterlist(ifs)'!A:I,7,FALSE) -> 120
A26: ORD-525 | B26: 45717 | C26: SURG-L-01 | D26: 25 | E26: West | F26: Optician_B | G26: 3750 | H26: 45 | I26: High Risk | J26: =_xlfn.XLOOKUP(C26,'product_masterlist(ifs)'!A:A,'product_masterlist(ifs)'!C:C,"N/A",0) -> Surgical | K26: =VLOOKUP(C26,'product_masterlist(ifs)'!A:I,7,FALSE) -> 15
A27: ORD-526 | B27: 45787 | C27: LENS-D-01 | D27: 24 | E27: North | F27: Optician_A | G27: 300 | H27: 14 | I27: Low Risk | J27: =_xlfn.XLOOKUP(C27,'product_masterlist(ifs)'!A:A,'product_masterlist(ifs)'!C:C,"N/A",0) -> Contact Lenses | K27: =VLOOKUP(C27,'product_masterlist(ifs)'!A:I,7,FALSE) -> 450
A28: ORD-527 | B28: 4/21/2025 | C28: LENS-D-01 | D28: 18 | E28: South | F28: Optician_A | G28: 225 | H28: 14 | I28: Low Risk | J28: =_xlfn.XLOOKUP(C28,'product_masterlist(ifs)'!A:A,'product_masterlist(ifs)'!C:C,"N/A",0) -> Contact Lenses | K28: =VLOOKUP(C28,'product_masterlist(ifs)'!A:I,7,FALSE) -> 450
A29: ORD-528 | B29: 45725 | C29: LENS-D-01 | D29: 2 | E29: East | F29: Optician_B | G29: 25 | H29: 14 | I29: Low Risk | J29: =_xlfn.XLOOKUP(C29,'product_masterlist(ifs)'!A:A,'product_masterlist(ifs)'!C:C,"N/A",0) -> Contact Lenses | K29: =VLOOKUP(C29,'product_masterlist(ifs)'!A:I,7,FALSE) -> 450
A30: ORD-529 | B30: 2/17/2025 | C30: SOL-S-01 | D30: 9 | E30: South | F30: Optician_A | G30: 38.25 | H30: 7 | I30: Low Risk | J30: =_xlfn.XLOOKUP(C30,'product_masterlist(ifs)'!A:A,'product_masterlist(ifs)'!C:C,"N/A",0) -> Solutions | K30: =VLOOKUP(C30,'product_masterlist(ifs)'!A:I,7,FALSE) -> 800 | N30: {=_xlfn.UNIQUE(I:I)} -> Risk_Level | O30: Total | R30: East | S30: South | T30: West | U30: North
A31: ORD-530 | B31: 45911 | C31: SURG-P-02 | D31: 3 | E31: West | F31: Optician_B | G31: 255 | H31: 30 | I31: Medium Risk | J31: =_xlfn.XLOOKUP(C31,'product_masterlist(ifs)'!A:A,'product_masterlist(ifs)'!C:C,"N/A",0) -> Surgical | K31: =VLOOKUP(C31,'product_masterlist(ifs)'!A:I,7,FALSE) -> 40 | N31: Medium Risk | O31: =COUNTIF(I:I,N31) -> 805 | Q31: Medium Risk | R31: =COUNTIFS(I:I,"Medium Risk",E:E,R30) -> 190 | S31: =COUNTIFS(I:I,Q31,E:E,S30) -> 209 | T31: =COUNTIFS(I:I,Q31,E:E,T30) -> 206 | U31: =COUNTIFS(I:I,Q31,E:E,U30) -> 200
A32: ORD-531 | B32: 45698 | C32: SURG-L-01 | D32: 8 | E32: West | F32: Optician_C | G32: 1200 | H32: 45 | I32: High Risk | J32: =_xlfn.XLOOKUP(C32,'product_masterlist(ifs)'!A:A,'product_masterlist(ifs)'!C:C,"N/A",0) -> Surgical | K32: =VLOOKUP(C32,'product_masterlist(ifs)'!A:I,7,FALSE) -> 15 | N32: Low Risk | O32: =COUNTIF(I:I,N32) -> 418 | Q32: Low Risk | R32: =COUNTIFS(I:I,Q32,E:E,R30) -> 101 | S32: =COUNTIFS(I:I,Q32,E:E,S30) -> 111 | T32: =COUNTIFS(I:I,Q32,E:E,T30) -> 105 | U32: =COUNTIFS(I:I,Q32,E:E,U30) -> 101
A33: ORD-532 | B33: 45722 | C33: FRM-M-10 | D33: 9 | E33: North | F33: Surgeon_K | G33: 405 | H33: 30 | I33: Medium Risk | J33: =_xlfn.XLOOKUP(C33,'product_masterlist(ifs)'!A:A,'product_masterlist(ifs)'!C:C,"N/A",0) -> Frames | K33: =VLOOKUP(C33,'product_masterlist(ifs)'!A:I,7,FALSE) -> 45 | N33: High Risk | O33: =COUNTIF(I:I,N33) -> 192 | Q33: High Risk | R33: =COUNTIFS(I:I,Q33,E:E,R30) -> 44 | S33: =COUNTIFS(I:I,Q33,E:E,S30) -> 63 | T33: =COUNTIFS(I:I,Q33,E:E,T30) -> 53 | U33: =COUNTIFS(I:I,Q33,E:E,U30) -> 32
A34: ORD-533 | B34: 8/23/2025 | C34: SURG-L-01 | D34: 18 | E34: South | F34: Surgeon_K | G34: 2700 | H34: 45 | I34: High Risk | J34: =_xlfn.XLOOKUP(C34,'product_masterlist(ifs)'!A:A,'product_masterlist(ifs)'!C:C,"N/A",0) -> Surgical | K34: =VLOOKUP(C34,'product_masterlist(ifs)'!A:I,7,FALSE) -> 15 | N34: 0 | O34: =COUNTIF(I:I,N34) -> 0
A35: ORD-534 | B35: 45966 | C35: LENS-M-02 | D35: 7 | E35: East | F35: Optician_C | G35: 175 | H35: 21 | I35: Medium Risk | J35: =_xlfn.XLOOKUP(C35,'product_masterlist(ifs)'!A:A,'product_masterlist(ifs)'!C:C,"N/A",0) -> Contact Lenses | K35: =VLOOKUP(C35,'product_masterlist(ifs)'!A:I,7,FALSE) -> 120
A36: ORD-535 | B36: 1/31/2025 | C36: LENS-M-02 | D36: 6 | E36: North | F36: Optician_B | G36: 150 | H36: 21 | I36: Medium Risk | J36: =_xlfn.XLOOKUP(C36,'product_masterlist(ifs)'!A:A,'product_masterlist(ifs)'!C:C,"N/A",0) -> Contact Lenses | K36: =VLOOKUP(C36,'product_masterlist(ifs)'!A:I,7,FALSE) -> 120
A37: ORD-536 | B37: 45843 | C37: LENS-M-02 | D37: 21 | E37: West | F37: Surgeon_K | G37: 525 | H37: 21 | I37: Medium Risk | J37: =_xlfn.XLOOKUP(C37,'product_masterlist(ifs)'!A:A,'product_masterlist(ifs)'!C:C,"N/A",0) -> Contact Lenses | K37: =VLOOKUP(C37,'product_masterlist(ifs)'!A:I,7,FALSE) -> 120
A38: ORD-537 | B38: 45781 | C38: LENS-D-01 | D38: 24 | E38: South | F38: Optician_B | G38: 300 | H38: 14 | I38: Low Risk | J38: =_xlfn.XLOOKUP(C38,'product_masterlist(ifs)'!A:A,'product_masterlist(ifs)'!C:C,"N/A",0) -> Contact Lenses | K38: =VLOOKUP(C38,'product_masterlist(ifs)'!A:I,7,FALSE) -> 450 | N38: =_xlfn.XLOOKUP(O38,I:I,C:C,,0) -> SURG-L-01 | O38: High Risk | P38: =COUNTIFS(C:C,#REF!,I:I,O38) -> 0
A39: ORD-538 | B39: 10/31/2025 | C39: SURG-P-02 | D39: 6 | E39: South | F39: Optician_C | G39: 510 | H39: 30 | I39: Medium Risk | J39: =_xlfn.XLOOKUP(C39,'product_masterlist(ifs)'!A:A,'product_masterlist(ifs)'!C:C,"N/A",0) -> Surgical | K39: =VLOOKUP(C39,'product_masterlist(ifs)'!A:I,7,FALSE) -> 40
A40: ORD-539 | B40: 8/31/2025 | C40: FRM-W-12 | D40: 9 | E40: East | F40: Optician_B | G40: 436.5 | H40: 30 | I40: Medium Risk | J40: =_xlfn.XLOOKUP(C40,'product_masterlist(ifs)'!A:A,'product_masterlist(ifs)'!C:C,"N/A",0) -> Frames | K40: =VLOOKUP(C40,'product_masterlist(ifs)'!A:I,7,FALSE) -> 180
A41: ORD-540 | B41: 45658 | C41: SOL-S-01 | D41: 15 | E41: East | F41: Optician_A | G41: 63.75 | H41: 7 | I41: Low Risk | J41: =_xlfn.XLOOKUP(C41,'product_masterlist(ifs)'!A:A,'product_masterlist(ifs)'!C:C,"N/A",0) -> Solutions | K41: =VLOOKUP(C41,'product_masterlist(ifs)'!A:I,7,FALSE) -> 800
A42: ORD-541 | B42: 45717 | C42: SOL-S-01 | D42: 10 | E42: South | F42: Optician_C | G42: 42.5 | H42: 7 | I42: Low Risk | J42: =_xlfn.XLOOKUP(C42,'product_masterlist(ifs)'!A:A,'product_masterlist(ifs)'!C:C,"N/A",0) -> Solutions | K42: =VLOOKUP(C42,'product_masterlist(ifs)'!A:I,7,FALSE) -> 800
A43: ORD-542 | B43: 12/29/2025 | C43: LENS-D-01 | D43: 6 | E43: North | F43: Optician_C | G43: 75 | H43: 14 | I43: Low Risk | J43: =_xlfn.XLOOKUP(C43,'product_masterlist(ifs)'!A:A,'product_masterlist(ifs)'!C:C,"N/A",0) -> Contact Lenses | K43: =VLOOKUP(C43,'product_masterlist(ifs)'!A:I,7,FALSE) -> 450
A44: ORD-543 | B44: 4/28/2025 | C44: LENS-M-02 | D44: 22 | E44: West | F44: Optician_A | G44: 550 | H44: 21 | I44: Medium Risk | J44: =_xlfn.XLOOKUP(C44,'product_masterlist(ifs)'!A:A,'product_masterlist(ifs)'!C:C,"N/A",0) -> Contact Lenses | K44: =VLOOKUP(C44,'product_masterlist(ifs)'!A:I,7,FALSE) -> 120
A45: ORD-544 | B45: 12/15/2025 | C45: LENS-D-01 | D45: 1 | E45: South | F45: Optician_C | G45: 12.5 | H45: 14 | I45: Low Risk | J45: =_xlfn.XLOOKUP(C45,'product_masterlist(ifs)'!A:A,'product_masterlist(ifs)'!C:C,"N/A",0) -> Contact Lenses | K45: =VLOOKUP(C45,'product_masterlist(ifs)'!A:I,7,FALSE) -> 450 | N45: ='product_masterlist(ifs)'!J6 -> Low Stock | O45: =COUNTIF('product_masterlist(ifs)'!J:J,'product_masterlist(ifs)'!J6) -> 2
A46: ORD-545 | B46: 3/31/2025 | C46: SURG-L-01 | D46: 8 | E46: North | F46: Optician_B | G46: 1200 | H46: 45 | I46: High Risk | J46: =_xlfn.XLOOKUP(C46,'product_masterlist(ifs)'!A:A,'product_masterlist(ifs)'!C:C,"N/A",0) -> Surgical | K46: =VLOOKUP(C46,'product_masterlist(ifs)'!A:I,7,FALSE) -> 15 | O46: SOL-S-01
A47: ORD-546 | B47: 5/16/2025 | C47: LENS-M-02 | D47: 12 | E47: West | F47: Optician_B | G47: 300 | H47: 21 | I47: Medium Risk | J47: =_xlfn.XLOOKUP(C47,'product_masterlist(ifs)'!A:A,'product_masterlist(ifs)'!C:C,"N/A",0) -> Contact Lenses | K47: =VLOOKUP(C47,'product_masterlist(ifs)'!A:I,7,FALSE) -> 120 | O47: SURG-P-02
A48: ORD-547 | B48: 45789 | C48: SURG-L-01 | D48: 18 | E48: South | F48: Surgeon_K | G48: 2700 | H48: 45 | I48: High Risk | J48: =_xlfn.XLOOKUP(C48,'product_masterlist(ifs)'!A:A,'product_masterlist(ifs)'!C:C,"N/A",0) -> Surgical | K48: =VLOOKUP(C48,'product_masterlist(ifs)'!A:I,7,FALSE) -> 15
A49: ORD-548 | B49: 7/28/2025 | C49: FRM-W-12 | D49: 1 | E49: West | F49: Surgeon_K | G49: 48.5 | H49: 30 | I49: Medium Risk | J49: =_xlfn.XLOOKUP(C49,'product_masterlist(ifs)'!A:A,'product_masterlist(ifs)'!C:C,"N/A",0) -> Frames | K49: =VLOOKUP(C49,'product_masterlist(ifs)'!A:I,7,FALSE) -> 180
A50: ORD-549 | B50: 10/13/2025 | C50: FRM-M-10 | D50: 5 | E50: East | F50: Optician_B | G50: 225 | H50: 30 | I50: Medium Risk | J50: =_xlfn.XLOOKUP(C50,'product_masterlist(ifs)'!A:A,'product_masterlist(ifs)'!C:C,"N/A",0) -> Frames | K50: =VLOOKUP(C50,'product_masterlist(ifs)'!A:I,7,FALSE) -> 45
A51: ORD-550 | B51: 45725 | C51: SURG-P-02 | D51: 24 | E51: East | F51: Optician_B | G51: 2040 | H51: 30 | I51: Medium Risk | J51: =_xlfn.XLOOKUP(C51,'product_masterlist(ifs)'!A:A,'product_masterlist(ifs)'!C:C,"N/A",0) -> Surgical | K51: =VLOOKUP(C51,'product_masterlist(ifs)'!A:I,7,FALSE) -> 40
A52: ORD-551 | B52: 45870 | C52: FRM-M-10 | D52: 12 | E52: East | F52: Optician_A | G52: 540 | H52: 30 | I52: Medium Risk | J52: =_xlfn.XLOOKUP(C52,'product_masterlist(ifs)'!A:A,'product_masterlist(ifs)'!C:C,"N/A",0) -> Frames | K52: =VLOOKUP(C52,'product_masterlist(ifs)'!A:I,7,FALSE) -> 45
A53: ORD-552 | B53: 11/29/2025 | C53: SURG-P-02 | D53: 23 | E53: North | F53: Surgeon_K | G53: 1955 | H53: 30 | I53: Medium Risk | J53: =_xlfn.XLOOKUP(C53,'product_masterlist(ifs)'!A:A,'product_masterlist(ifs)'!C:C,"N/A",0) -> Surgical | K53: =VLOOKUP(C53,'product_masterlist(ifs)'!A:I,7,FALSE) -> 40
A54: ORD-553 | B54: 12/31/2025 | C54: SURG-L-01 | D54: 4 | E54: North | F54: Surgeon_K | G54: 600 | H54: 45 | I54: High Risk | J54: =_xlfn.XLOOKUP(C54,'product_masterlist(ifs)'!A:A,'product_masterlist(ifs)'!C:C,"N/A",0) -> Surgical | K54: =VLOOKUP(C54,'product_masterlist(ifs)'!A:I,7,FALSE) -> 15
A55: ORD-554 | B55: 5/31/2025 | C55: FRM-W-12 | D55: 21 | E55: North | F55: Optician_B | G55: 1018.5 | H55: 30 | I55: Medium Risk | J55: =_xlfn.XLOOKUP(C55,'product_masterlist(ifs)'!A:A,'product_masterlist(ifs)'!C:C,"N/A",0) -> Frames | K55: =VLOOKUP(C55,'product_masterlist(ifs)'!A:I,7,FALSE) -> 180
A56: ORD-555 | B56: 7/22/2025 | C56: FRM-W-12 | D56: 23 | E56: North | F56: Surgeon_K | G56: 1115.5 | H56: 30 | I56: Medium Risk | J56: =_xlfn.XLOOKUP(C56,'product_masterlist(ifs)'!A:A,'product_masterlist(ifs)'!C:C,"N/A",0) -> Frames | K56: =VLOOKUP(C56,'product_masterlist(ifs)'!A:I,7,FALSE) -> 180
A57: ORD-556 | B57: 2/27/2025 | C57: LENS-D-01 | D57: 16 | E57: East | F57: Optician_C | G57: 200 | H57: 14 | I57: Low Risk | J57: =_xlfn.XLOOKUP(C57,'product_masterlist(ifs)'!A:A,'product_masterlist(ifs)'!C:C,"N/A",0) -> Contact Lenses | K57: =VLOOKUP(C57,'product_masterlist(ifs)'!A:I,7,FALSE) -> 450
A58: ORD-557 | B58: 10/15/2025 | C58: SURG-L-01 | D58: 16 | E58: East | F58: Optician_A | G58: 2400 | H58: 45 | I58: High Risk | J58: =_xlfn.XLOOKUP(C58,'product_masterlist(ifs)'!A:A,'product_masterlist(ifs)'!C:C,"N/A",0) -> Surgical | K58: =VLOOKUP(C58,'product_masterlist(ifs)'!A:I,7,FALSE) -> 15
A59: ORD-558 | B59: 8/20/2025 | C59: FRM-W-12 | D59: 1 | E59: South | F59: Optician_A | G59: 48.5 | H59: 30 | I59: Medium Risk | J59: =_xlfn.XLOOKUP(C59,'product_masterlist(ifs)'!A:A,'product_masterlist(ifs)'!C:C,"N/A",0) -> Frames | K59: =VLOOKUP(C59,'product_masterlist(ifs)'!A:I,7,FALSE) -> 180
A60: ORD-559 | B60: 2/14/2025 | C60: LENS-M-02 | D60: 16 | E60: North | F60: Optician_B | G60: 400 | H60: 21 | I60: Medium Risk | J60: =_xlfn.XLOOKUP(C60,'product_masterlist(ifs)'!A:A,'product_masterlist(ifs)'!C:C,"N/A",0) -> Contact Lenses | K60: =VLOOKUP(C60,'product_masterlist(ifs)'!A:I,7,FALSE) -> 120
A61: ORD-560 | B61: 45871 | C61: SURG-P-02 | D61: 15 | E61: South | F61: Optician_B | G61: 1275 | H61: 30 | I61: Medium Risk | J61: =_xlfn.XLOOKUP(C61,'product_masterlist(ifs)'!A:A,'product_masterlist(ifs)'!C:C,"N/A",0) -> Surgical | K61: =VLOOKUP(C61,'product_masterlist(ifs)'!A:I,7,FALSE) -> 40
A62: ORD-561 | B62: 45788 | C62: FRM-W-12 | D62: 2 | E62: West | F62: Optician_B | G62: 97 | H62: 30 | I62: Medium Risk | J62: =_xlfn.XLOOKUP(C62,'product_masterlist(ifs)'!A:A,'product_masterlist(ifs)'!C:C,"N/A",0) -> Frames | K62: =VLOOKUP(C62,'product_masterlist(ifs)'!A:I,7,FALSE) -> 180
A63: ORD-562 | B63: 8/30/2025 | C63: SURG-L-01 | D63: 21 | E63: North | F63: Surgeon_K | G63: 3150 | H63: 45 | I63: High Risk | J63: =_xlfn.XLOOKUP(C63,'product_masterlist(ifs)'!A:A,'product_masterlist(ifs)'!C:C,"N/A",0) -> Surgical | K63: =VLOOKUP(C63,'product_masterlist(ifs)'!A:I,7,FALSE) -> 15
A64: ORD-563 | B64: 45812 | C64: FRM-W-12 | D64: 20 | E64: North | F64: Optician_A | G64: 970 | H64: 30 | I64: Medium Risk | J64: =_xlfn.XLOOKUP(C64,'product_masterlist(ifs)'!A:A,'product_masterlist(ifs)'!C:C,"N/A",0) -> Frames | K64: =VLOOKUP(C64,'product_masterlist(ifs)'!A:I,7,FALSE) -> 180
A65: ORD-564 | B65: 9/24/2025 | C65: SURG-L-01 | D65: 17 | E65: North | F65: Surgeon_K | G65: 2550 | H65: 45 | I65: High Risk | J65: =_xlfn.XLOOKUP(C65,'product_masterlist(ifs)'!A:A,'product_masterlist(ifs)'!C:C,"N/A",0) -> Surgical | K65: =VLOOKUP(C65,'product_masterlist(ifs)'!A:I,7,FALSE) -> 15
A66: ORD-565 | B66: 45748 | C66: LENS-M-02 | D66: 3 | E66: East | F66: Optician_C | G66: 75 | H66: 21 | I66: Medium Risk | J66: =_xlfn.XLOOKUP(C66,'product_masterlist(ifs)'!A:A,'product_masterlist(ifs)'!C:C,"N/A",0) -> Contact Lenses | K66: =VLOOKUP(C66,'product_masterlist(ifs)'!A:I,7,FALSE) -> 120
A67: ORD-566 | B67: 11/21/2025 | C67: SOL-S-01 | D67: 9 | E67: South | F67: Optician_C | G67: 38.25 | H67: 7 | I67: Low Risk | J67: =_xlfn.XLOOKUP(C67,'product_masterlist(ifs)'!A:A,'product_masterlist(ifs)'!C:C,"N/A",0) -> Solutions | K67: =VLOOKUP(C67,'product_masterlist(ifs)'!A:I,7,FALSE) -> 800
A68: ORD-567 | B68: 45787 | C68: SOL-S-01 | D68: 10 | E68: West | F68: Surgeon_K | G68: 42.5 | H68: 7 | I68: Low Risk | J68: =_xlfn.XLOOKUP(C68,'product_masterlist(ifs)'!A:A,'product_masterlist(ifs)'!C:C,"N/A",0) -> Solutions | K68: =VLOOKUP(C68,'product_masterlist(ifs)'!A:I,7,FALSE) -> 800
A69: ORD-568 | B69: 9/27/2025 | C69: FRM-W-12 | D69: 18 | E69: South | F69: Optician_B | G69: 873 | H69: 30 | I69: Medium Risk | J69: =_xlfn.XLOOKUP(C69,'product_masterlist(ifs)'!A:A,'product_masterlist(ifs)'!C:C,"N/A",0) -> Frames | K69: =VLOOKUP(C69,'product_masterlist(ifs)'!A:I,7,FALSE) -> 180
A70: ORD-569 | B70: 4/30/2025 | C70: FRM-M-10 | D70: 22 | E70: North | F70: Optician_A | G70: 990 | H70: 30 | I70: Medium Risk | J70: =_xlfn.XLOOKUP(C70,'product_masterlist(ifs)'!A:A,'product_masterlist(ifs)'!C:C,"N/A",0) -> Frames | K70: =VLOOKUP(C70,'product_masterlist(ifs)'!A:I,7,FALSE) -> 45
A71: ORD-570 | B71: 45848 | C71: SURG-L-01 | D71: 20 | E71: East | F71: Optician_B | G71: 3000 | H71: 45 | I71: High Risk | J71: =_xlfn.XLOOKUP(C71,'product_masterlist(ifs)'!A:A,'product_masterlist(ifs)'!C:C,"N/A",0) -> Surgical | K71: =VLOOKUP(C71,'product_masterlist(ifs)'!A:I,7,FALSE) -> 15
A72: ORD-571 | B72: 4/22/2025 | C72: SURG-L-01 | D72: 25 | E72: South | F72: Optician_B | G72: 3750 | H72: 45 | I72: High Risk | J72: =_xlfn.XLOOKUP(C72,'product_masterlist(ifs)'!A:A,'product_masterlist(ifs)'!C:C,"N/A",0) -> Surgical | K72: =VLOOKUP(C72,'product_masterlist(ifs)'!A:I,7,FALSE) -> 15
A73: ORD-572 | B73: 1/22/2025 | C73: LENS-D-01 | D73: 17 | E73: North | F73: Optician_C | G73: 212.5 | H73: 14 | I73: Low Risk | J73: =_xlfn.XLOOKUP(C73,'product_masterlist(ifs)'!A:A,'product_masterlist(ifs)'!C:C,"N/A",0) -> Contact Lenses | K73: =VLOOKUP(C73,'product_masterlist(ifs)'!A:I,7,FALSE) -> 450
A74: ORD-573 | B74: 5/21/2025 | C74: SURG-L-01 | D74: 12 | E74: West | F74: Optician_A | G74: 1800 | H74: 45 | I74: High Risk | J74: =_xlfn.XLOOKUP(C74,'product_masterlist(ifs)'!A:A,'product_masterlist(ifs)'!C:C,"N/A",0) -> Surgical | K74: =VLOOKUP(C74,'product_masterlist(ifs)'!A:I,7,FALSE) -> 15
A75: ORD-574 | B75: 45788 | C75: LENS-D-01 | D75: 5 | E75: South | F75: Optician_B | G75: 62.5 | H75: 14 | I75: Low Risk | J75: =_xlfn.XLOOKUP(C75,'product_masterlist(ifs)'!A:A,'product_masterlist(ifs)'!C:C,"N/A",0) -> Contact Lenses | K75: =VLOOKUP(C75,'product_masterlist(ifs)'!A:I,7,FALSE) -> 450
A76: ORD-575 | B76: 45967 | C76: FRM-M-10 | D76: 11 | E76: East | F76: Optician_C | G76: 495 | H76: 30 | I76: Medium Risk | J76: =_xlfn.XLOOKUP(C76,'product_masterlist(ifs)'!A:A,'product_masterlist(ifs)'!C:C,"N/A",0) -> Frames | K76: =VLOOKUP(C76,'product_masterlist(ifs)'!A:I,7,FALSE) -> 45
A77: ORD-576 | B77: 45880 | C77: FRM-M-10 | D77: 17 | E77: North | F77: Optician_A | G77: 765 | H77: 30 | I77: Medium Risk | J77: =_xlfn.XLOOKUP(C77,'product_masterlist(ifs)'!A:A,'product_masterlist(ifs)'!C:C,"N/A",0) -> Frames | K77: =VLOOKUP(C77,'product_masterlist(ifs)'!A:I,7,FALSE) -> 45
A78: ORD-577 | B78: 9/15/2025 | C78: SURG-L-01 | D78: 20 | E78: South | F78: Surgeon_K | G78: 3000 | H78: 45 | I78: High Risk | J78: =_xlfn.XLOOKUP(C78,'product_masterlist(ifs)'!A:A,'product_masterlist(ifs)'!C:C,"N/A",0) -> Surgical | K78: =VLOOKUP(C78,'product_masterlist(ifs)'!A:I,7,FALSE) -> 15
A79: ORD-578 | B79: 4/16/2025 | C79: LENS-D-01 | D79: 23 | E79: North | F79: Surgeon_K | G79: 287.5 | H79: 14 | I79: Low Risk | J79: =_xlfn.XLOOKUP(C79,'product_masterlist(ifs)'!A:A,'product_masterlist(ifs)'!C:C,"N/A",0) -> Contact Lenses | K79: =VLOOKUP(C79,'product_masterlist(ifs)'!A:I,7,FALSE) -> 450
A80: ORD-579 | B80: 45934 | C80: SURG-L-01 | D80: 2 | E80: East | F80: Surgeon_K | G80: 300 | H80: 45 | I80: High Risk | J80: =_xlfn.XLOOKUP(C80,'product_masterlist(ifs)'!A:A,'product_masterlist(ifs)'!C:C,"N/A",0) -> Surgical | K80: =VLOOKUP(C80,'product_masterlist(ifs)'!A:I,7,FALSE) -> 15
A81: ORD-580 | B81: 1/14/2025 | C81: FRM-M-10 | D81: 17 | E81: West | F81: Optician_A | G81: 765 | H81: 30 | I81: Medium Risk | J81: =_xlfn.XLOOKUP(C81,'product_masterlist(ifs)'!A:A,'product_masterlist(ifs)'!C:C,"N/A",0) -> Frames | K81: =VLOOKUP(C81,'product_masterlist(ifs)'!A:I,7,FALSE) -> 45
A82: ORD-581 | B82: 45817 | C82: SURG-P-02 | D82: 1 | E82: West | F82: Surgeon_K | G82: 85 | H82: 30 | I82: Medium Risk | J82: =_xlfn.XLOOKUP(C82,'product_masterlist(ifs)'!A:A,'product_masterlist(ifs)'!C:C,"N/A",0) -> Surgical | K82: =VLOOKUP(C82,'product_masterlist(ifs)'!A:I,7,FALSE) -> 40
A83: ORD-582 | B83: 8/19/2025 | C83: FRM-M-10 | D83: 10 | E83: South | F83: Optician_C | G83: 450 | H83: 30 | I83: Medium Risk | J83: =_xlfn.XLOOKUP(C83,'product_masterlist(ifs)'!A:A,'product_masterlist(ifs)'!C:C,"N/A",0) -> Frames | K83: =VLOOKUP(C83,'product_masterlist(ifs)'!A:I,7,FALSE) -> 45
A84: ORD-583 | B84: 45876 | C84: LENS-D-01 | D84: 9 | E84: West | F84: Surgeon_K | G84: 112.5 | H84: 14 | I84: Low Risk | J84: =_xlfn.XLOOKUP(C84,'product_masterlist(ifs)'!A:A,'product_masterlist(ifs)'!C:C,"N/A",0) -> Contact Lenses | K84: =VLOOKUP(C84,'product_masterlist(ifs)'!A:I,7,FALSE) -> 450
A85: ORD-584 | B85: 45696 | C85: SOL-S-01 | D85: 20 | E85: South | F85: Optician_A | G85: 85 | H85: 7 | I85: Low Risk | J85: =_xlfn.XLOOKUP(C85,'product_masterlist(ifs)'!A:A,'product_masterlist(ifs)'!C:C,"N/A",0) -> Solutions | K85: =VLOOKUP(C85,'product_masterlist(ifs)'!A:I,7,FALSE) -> 800
A86: ORD-585 | B86: 3/25/2025 | C86: FRM-W-12 | D86: 16 | E86: South | F86: Optician_A | G86: 776 | H86: 30 | I86: Medium Risk | J86: =_xlfn.XLOOKUP(C86,'product_masterlist(ifs)'!A:A,'product_masterlist(ifs)'!C:C,"N/A",0) -> Frames | K86: =VLOOKUP(C86,'product_masterlist(ifs)'!A:I,7,FALSE) -> 180
A87: ORD-586 | B87: 12/23/2025 | C87: SOL-S-01 | D87: 22 | E87: West | F87: Optician_A | G87: 93.5 | H87: 7 | I87: Low Risk | J87: =_xlfn.XLOOKUP(C87,'product_masterlist(ifs)'!A:A,'product_masterlist(ifs)'!C:C,"N/A",0) -> Solutions | K87: =VLOOKUP(C87,'product_masterlist(ifs)'!A:I,7,FALSE) -> 800
A88: ORD-587 | B88: 45690 | C88: LENS-M-02 | D88: 13 | E88: South | F88: Optician_C | G88: 325 | H88: 21 | I88: Medium Risk | J88: =_xlfn.XLOOKUP(C88,'product_masterlist(ifs)'!A:A,'product_masterlist(ifs)'!C:C,"N/A",0) -> Contact Lenses | K88: =VLOOKUP(C88,'product_masterlist(ifs)'!A:I,7,FALSE) -> 120
A89: ORD-588 | B89: 45970 | C89: FRM-W-12 | D89: 18 | E89: South | F89: Optician_A | G89: 873 | H89: 30 | I89: Medium Risk | J89: =_xlfn.XLOOKUP(C89,'product_masterlist(ifs)'!A:A,'product_masterlist(ifs)'!C:C,"N/A",0) -> Frames | K89: =VLOOKUP(C89,'product_masterlist(ifs)'!A:I,7,FALSE) -> 180
A90: ORD-589 | B90: 5/19/2025 | C90: FRM-W-12 | D90: 7 | E90: North | F90: Optician_A | G90: 339.5 | H90: 30 | I90: Medium Risk | J90: =_xlfn.XLOOKUP(C90,'product_masterlist(ifs)'!A:A,'product_masterlist(ifs)'!C:C,"N/A",0) -> Frames | K90: =VLOOKUP(C90,'product_masterlist(ifs)'!A:I,7,FALSE) -> 180
A91: ORD-590 | B91: 10/28/2025 | C91: FRM-M-10 | D91: 1 | E91: East | F91: Surgeon_K | G91: 45 | H91: 30 | I91: Medium Risk | J91: =_xlfn.XLOOKUP(C91,'product_masterlist(ifs)'!A:A,'product_masterlist(ifs)'!C:C,"N/A",0) -> Frames | K91: =VLOOKUP(C91,'product_masterlist(ifs)'!A:I,7,FALSE) -> 45
A92: ORD-591 | B92: 7/28/2025 | C92: SOL-S-01 | D92: 10 | E92: North | F92: Surgeon_K | G92: 42.5 | H92: 7 | I92: Low Risk | J92: =_xlfn.XLOOKUP(C92,'product_masterlist(ifs)'!A:A,'product_masterlist(ifs)'!C:C,"N/A",0) -> Solutions | K92: =VLOOKUP(C92,'product_masterlist(ifs)'!A:I,7,FALSE) -> 800
A93: ORD-592 | B93: 9/30/2025 | C93: LENS-M-02 | D93: 10 | E93: West | F93: Optician_B | G93: 250 | H93: 21 | I93: Medium Risk | J93: =_xlfn.XLOOKUP(C93,'product_masterlist(ifs)'!A:A,'product_masterlist(ifs)'!C:C,"N/A",0) -> Contact Lenses | K93: =VLOOKUP(C93,'product_masterlist(ifs)'!A:I,7,FALSE) -> 120
A94: ORD-593 | B94: 45697 | C94: SOL-S-01 | D94: 13 | E94: East | F94: Optician_A | G94: 55.25 | H94: 7 | I94: Low Risk | J94: =_xlfn.XLOOKUP(C94,'product_masterlist(ifs)'!A:A,'product_masterlist(ifs)'!C:C,"N/A",0) -> Solutions | K94: =VLOOKUP(C94,'product_masterlist(ifs)'!A:I,7,FALSE) -> 800
A95: ORD-594 | B95: 45782 | C95: SURG-P-02 | D95: 2 | E95: West | F95: Optician_C | G95: 170 | H95: 30 | I95: Medium Risk | J95: =_xlfn.XLOOKUP(C95,'product_masterlist(ifs)'!A:A,'product_masterlist(ifs)'!C:C,"N/A",0) -> Surgical | K95: =VLOOKUP(C95,'product_masterlist(ifs)'!A:I,7,FALSE) -> 40
A96: ORD-595 | B96: 45662 | C96: LENS-D-01 | D96: 4 | E96: South | F96: Optician_C | G96: 50 | H96: 14 | I96: Low Risk | J96: =_xlfn.XLOOKUP(C96,'product_masterlist(ifs)'!A:A,'product_masterlist(ifs)'!C:C,"N/A",0) -> Contact Lenses | K96: =VLOOKUP(C96,'product_masterlist(ifs)'!A:I,7,FALSE) -> 450
A97: ORD-596 | B97: 12/22/2025 | C97: SURG-L-01 | D97: 17 | E97: South | F97: Surgeon_K | G97: 2550 | H97: 45 | I97: High Risk | J97: =_xlfn.XLOOKUP(C97,'product_masterlist(ifs)'!A:A,'product_masterlist(ifs)'!C:C,"N/A",0) -> Surgical | K97: =VLOOKUP(C97,'product_masterlist(ifs)'!A:I,7,FALSE) -> 15
A98: ORD-597 | B98: 10/16/2025 | C98: SOL-S-01 | D98: 19 | E98: West | F98: Surgeon_K | G98: 80.75 | H98: 7 | I98: Low Risk | J98: =_xlfn.XLOOKUP(C98,'product_masterlist(ifs)'!A:A,'product_masterlist(ifs)'!C:C,"N/A",0) -> Solutions | K98: =VLOOKUP(C98,'product_masterlist(ifs)'!A:I,7,FALSE) -> 800
A99: ORD-598 | B99: 11/24/2025 | C99: SOL-S-01 | D99: 21 | E99: North | F99: Optician_B | G99: 89.25 | H99: 7 | I99: Low Risk | J99: =_xlfn.XLOOKUP(C99,'product_masterlist(ifs)'!A:A,'product_masterlist(ifs)'!C:C,"N/A",0) -> Solutions | K99: =VLOOKUP(C99,'product_masterlist(ifs)'!A:I,7,FALSE) -> 800
A100: ORD-599 | B100: 1/16/2025 | C100: LENS-M-02 | D100: 13 | E100: North | F100: Surgeon_K | G100: 325 | H100: 21 | I100: Medium Risk | J100: =_xlfn.XLOOKUP(C100,'product_masterlist(ifs)'!A:A,'product_masterlist(ifs)'!C:C,"N/A",0) -> Contact Lenses | K100: =VLOOKUP(C100,'product_masterlist(ifs)'!A:I,7,FALSE) -> 120
...
