Workbook
Name Slicer_COUNTRY: #N/A
Name Slicer_MONTH: #N/A
Name Slicer_REGION: #N/A

Sheet Input Data
A1: DATE | B1: CUSTOMER NAME | C1: PRODUCT | D1: UNIT PRICE ($) | E1: QUANTITY | F1: ACTUAL | G1: COUNTRY | H1: REGION | I1: MONTH | J1: WEEK
A2: 44197 | B2: Customer33 | C2: Product24 | D2: 156.96 | E2: 9 | F2: =InputData[[#This Row],[UNIT PRICE ($)]]*InputData[[#This Row],[QUANTITY]] -> 1412.64 | G2: =_xlfn.XLOOKUP(B:B,Customer!A:A,Customer!B:B,,0) -> India | H2: =_xlfn.XLOOKUP(B:B,Customer!A:A,Customer!C:C,,0) -> Western | I2: =TEXT(InputData[[#This Row],[DATE]],"MMM") -> Jan | J2: =WEEKNUM(InputData[[#This Row],[DATE]]) -> 1
A3: 44197 | B3: Customer29 | C3: Product22 | D3: 141.57 | E3: 1 | F3: =InputData[[#This Row],[UNIT PRICE ($)]]*InputData[[#This Row],[QUANTITY]] -> 141.57 | G3: =_xlfn.XLOOKUP(B:B,Customer!A:A,Customer!B:B,,0) -> India | H3: =_xlfn.XLOOKUP(B:B,Customer!A:A,Customer!C:C,,0) -> South | I3: =TEXT(InputData[[#This Row],[DATE]],"MMM") -> Jan | J3: =WEEKNUM(InputData[[#This Row],[DATE]]) -> 1
A4: 44198 | B4: Customer31 | C4: Product38 | D4: 79.92 | E4: 15 | F4: =InputData[[#This Row],[UNIT PRICE ($)]]*InputData[[#This Row],[QUANTITY]] -> 1198.8 | G4: =_xlfn.XLOOKUP(B:B,Customer!A:A,Customer!B:B,,0) -> India | H4: =_xlfn.XLOOKUP(B:B,Customer!A:A,Customer!C:C,,0) -> North | I4: =TEXT(InputData[[#This Row],[DATE]],"MMM") -> Jan | J4: =WEEKNUM(InputData[[#This Row],[DATE]]) -> 1
A5: 44198 | B5: Customer03 | C5: Product33 | D5: 119.7 | E5: 1 | F5: =InputData[[#This Row],[UNIT PRICE ($)]]*InputData[[#This Row],[QUANTITY]] -> 119.7 | G5: =_xlfn.XLOOKUP(B:B,Customer!A:A,Customer!B:B,,0) -> India | H5: =_xlfn.XLOOKUP(B:B,Customer!A:A,Customer!C:C,,0) -> Northeast | I5: =TEXT(InputData[[#This Row],[DATE]],"MMM") -> Jan | J5: =WEEKNUM(InputData[[#This Row],[DATE]]) -> 1
A6: 44198 | B6: Customer05 | C6: Product15 | D6: 15.72 | E6: 2 | F6: =InputData[[#This Row],[UNIT PRICE ($)]]*InputData[[#This Row],[QUANTITY]] -> 31.44 | G6: =_xlfn.XLOOKUP(B:B,Customer!A:A,Customer!B:B,,0) -> India | H6: =_xlfn.XLOOKUP(B:B,Customer!A:A,Customer!C:C,,0) -> Northeast | I6: =TEXT(InputData[[#This Row],[DATE]],"MMM") -> Jan | J6: =WEEKNUM(InputData[[#This Row],[DATE]]) -> 1
A7: 44198 | B7: Customer35 | C7: Product10 | D7: 164.28 | E7: 7 | F7: =InputData[[#This Row],[UNIT PRICE ($)]]*InputData[[#This Row],[QUANTITY]] -> 1149.96 | G7: =_xlfn.XLOOKUP(B:B,Customer!A:A,Customer!B:B,,0) -> India | H7: =_xlfn.XLOOKUP(B:B,Customer!A:A,Customer!C:C,,0) -> North | I7: =TEXT(InputData[[#This Row],[DATE]],"MMM") -> Jan | J7: =WEEKNUM(InputData[[#This Row],[DATE]]) -> 1
A8: 44198 | B8: Customer38 | C8: Product13 | D8: 122.08 | E8: 6 | F8: =InputData[[#This Row],[UNIT PRICE ($)]]*InputData[[#This Row],[QUANTITY]] -> 732.48 | G8: =_xlfn.XLOOKUP(B:B,Customer!A:A,Customer!B:B,,0) -> India | H8: =_xlfn.XLOOKUP(B:B,Customer!A:A,Customer!C:C,,0) -> Northeast | I8: =TEXT(InputData[[#This Row],[DATE]],"MMM") -> Jan | J8: =WEEKNUM(InputData[[#This Row],[DATE]]) -> 1
A9: 44198 | B9: Customer39 | C9: Product15 | D9: 15.72 | E9: 25 | F9: =InputData[[#This Row],[UNIT PRICE ($)]]*InputData[[#This Row],[QUANTITY]] -> 393 | G9: =_xlfn.XLOOKUP(B:B,Customer!A:A,Customer!B:B,,0) -> Germany | H9: =_xlfn.XLOOKUP(B:B,Customer!A:A,Customer!C:C,,0) -> Export | I9: =TEXT(InputData[[#This Row],[DATE]],"MMM") -> Jan | J9: =WEEKNUM(InputData[[#This Row],[DATE]]) -> 1
A10: 44199 | B10: Customer34 | C10: Product14 | D10: 146.72 | E10: 21 | F10: =InputData[[#This Row],[UNIT PRICE ($)]]*InputData[[#This Row],[QUANTITY]] -> 3081.12 | G10: =_xlfn.XLOOKUP(B:B,Customer!A:A,Customer!B:B,,0) -> India | H10: =_xlfn.XLOOKUP(B:B,Customer!A:A,Customer!C:C,,0) -> Northeast | I10: =TEXT(InputData[[#This Row],[DATE]],"MMM") -> Jan | J10: =WEEKNUM(InputData[[#This Row],[DATE]]) -> 2
A11: 44199 | B11: Customer18 | C11: Product43 | D11: 83.08 | E11: 9 | F11: =InputData[[#This Row],[UNIT PRICE ($)]]*InputData[[#This Row],[QUANTITY]] -> 747.72 | G11: =_xlfn.XLOOKUP(B:B,Customer!A:A,Customer!B:B,,0) -> India | H11: =_xlfn.XLOOKUP(B:B,Customer!A:A,Customer!C:C,,0) -> Western | I11: =TEXT(InputData[[#This Row],[DATE]],"MMM") -> Jan | J11: =WEEKNUM(InputData[[#This Row],[DATE]]) -> 2
A12: 44199 | B12: Customer20 | C12: Product38 | D12: 79.92 | E12: 31 | F12: =InputData[[#This Row],[UNIT PRICE ($)]]*InputData[[#This Row],[QUANTITY]] -> 2477.52 | G12: =_xlfn.XLOOKUP(B:B,Customer!A:A,Customer!B:B,,0) -> United Kingdom | H12: =_xlfn.XLOOKUP(B:B,Customer!A:A,Customer!C:C,,0) -> Export | I12: =TEXT(InputData[[#This Row],[DATE]],"MMM") -> Jan | J12: =WEEKNUM(InputData[[#This Row],[DATE]]) -> 2
A13: 44199 | B13: Customer37 | C13: Product04 | D13: 48.84 | E13: 5 | F13: =InputData[[#This Row],[UNIT PRICE ($)]]*InputData[[#This Row],[QUANTITY]] -> 244.2 | G13: =_xlfn.XLOOKUP(B:B,Customer!A:A,Customer!B:B,,0) -> United States of America | H13: =_xlfn.XLOOKUP(B:B,Customer!A:A,Customer!C:C,,0) -> Export | I13: =TEXT(InputData[[#This Row],[DATE]],"MMM") -> Jan | J13: =WEEKNUM(InputData[[#This Row],[DATE]]) -> 2
... A833: 44561 | B833: Customer18 | C833: Product33 | D833: 119.7 | E833: 12 | F833: =InputData[[#This Row],[UNIT PRICE ($)]]*InputData[[#This Row],[QUANTITY]] -> 1436.4 | G833: =_xlfn.XLOOKUP(B:B,Customer!A:A,Customer!B:B,,0) -> India | H833: =_xlfn.XLOOKUP(B:B,Customer!A:A,Customer!C:C,,0) -> Western | I833: =TEXT(InputData[[#This Row],[DATE]],"MMM") -> Dec | J833: =WEEKNUM(InputData[[#This Row],[DATE]]) -> 53

Sheet Target
A1: Month | B1: Month Name | C1: Target ($) | D1: ACTUAL | E1: ABOVE | F1: LOWER
A2: 1 | B2: Jan | C2: 90000 | D2: =_xlfn.XLOOKUP(Target!B:B,Analysis!B:B,Analysis!C:C,,0) -> 92118.79 | E2: =IF(TargetData[[#This Row],[ACTUAL]]>TargetData[[#This Row],[Target ($)]],"PASS","-") -> PASS | F2: =IF(TargetData[[#This Row],[ACTUAL]]<TargetData[[#This Row],[Target ($)]],"PASS","-") -> -
A3: 2 | B3: Feb | C3: 100000 | D3: =_xlfn.XLOOKUP(Target!B:B,Analysis!B:B,Analysis!C:C,,0) -> 91137.05 | E3: =IF(TargetData[[#This Row],[ACTUAL]]>TargetData[[#This Row],[Target ($)]],"PASS","-") -> - | F3: =IF(TargetData[[#This Row],[ACTUAL]]<TargetData[[#This Row],[Target ($)]],"PASS","-") -> PASS
A4: 3 | B4: Mar | C4: 100000 | D4: =_xlfn.XLOOKUP(Target!B:B,Analysis!B:B,Analysis!C:C,,0) -> 97920.72 | E4: =IF(TargetData[[#This Row],[ACTUAL]]>TargetData[[#This Row],[Target ($)]],"PASS","-") -> - | F4: =IF(TargetData[[#This Row],[ACTUAL]]<TargetData[[#This Row],[Target ($)]],"PASS","-") -> PASS
A5: 4 | B5: Apr | C5: 100000 | D5: =_xlfn.XLOOKUP(Target!B:B,Analysis!B:B,Analysis!C:C,,0) -> 72320.89 | E5: =IF(TargetData[[#This Row],[ACTUAL]]>TargetData[[#This Row],[Target ($)]],"PASS","-") -> - | F5: =IF(TargetData[[#This Row],[ACTUAL]]<TargetData[[#This Row],[Target ($)]],"PASS","-") -> PASS
A6: 5 | B6: May | C6: 90000 | D6: =_xlfn.XLOOKUP(Target!B:B,Analysis!B:B,Analysis!C:C,,0) -> 70511.76 | E6: =IF(TargetData[[#This Row],[ACTUAL]]>TargetData[[#This Row],[Target ($)]],"PASS","-") -> - | F6: =IF(TargetData[[#This Row],[ACTUAL]]<TargetData[[#This Row],[Target ($)]],"PASS","-") -> PASS
A7: 6 | B7: Jun | C7: 90000 | D7: =_xlfn.XLOOKUP(Target!B:B,Analysis!B:B,Analysis!C:C,,0) -> 66727.4 | E7: =IF(TargetData[[#This Row],[ACTUAL]]>TargetData[[#This Row],[Target ($)]],"PASS","-") -> - | F7: =IF(TargetData[[#This Row],[ACTUAL]]<TargetData[[#This Row],[Target ($)]],"PASS","-") -> PASS
A8: 7 | B8: Jul | C8: 90000 | D8: =_xlfn.XLOOKUP(Target!B:B,Analysis!B:B,Analysis!C:C,,0) -> 92661.55 | E8: =IF(TargetData[[#This Row],[ACTUAL]]>TargetData[[#This Row],[Target ($)]],"PASS","-") -> PASS | F8: =IF(TargetData[[#This Row],[ACTUAL]]<TargetData[[#This Row],[Target ($)]],"PASS","-") -> -
A9: 8 | B9: Aug | C9: 90000 | D9: =_xlfn.XLOOKUP(Target!B:B,Analysis!B:B,Analysis!C:C,,0) -> 69125.75 | E9: =IF(TargetData[[#This Row],[ACTUAL]]>TargetData[[#This Row],[Target ($)]],"PASS","-") -> - | F9: =IF(TargetData[[#This Row],[ACTUAL]]<TargetData[[#This Row],[Target ($)]],"PASS","-") -> PASS
A10: 9 | B10: Sep | C10: 90000 | D10: =_xlfn.XLOOKUP(Target!B:B,Analysis!B:B,Analysis!C:C,,0) -> 78253.53 | E10: =IF(TargetData[[#This Row],[ACTUAL]]>TargetData[[#This Row],[Target ($)]],"PASS","-") -> - | F10: =IF(TargetData[[#This Row],[ACTUAL]]<TargetData[[#This Row],[Target ($)]],"PASS","-") -> PASS
A11: 10 | B11: Oct | C11: 80000 | D11: =_xlfn.XLOOKUP(Target!B:B,Analysis!B:B,Analysis!C:C,,0) -> 87136.37 | E11: =IF(TargetData[[#This Row],[ACTUAL]]>TargetData[[#This Row],[Target ($)]],"PASS","-") -> PASS | F11: =IF(TargetData[[#This Row],[ACTUAL]]<TargetData[[#This Row],[Target ($)]],"PASS","-") -> -
A12: 11 | B12: Nov | C12: 80000 | D12: =_xlfn.XLOOKUP(Target!B:B,Analysis!B:B,Analysis!C:C,,0) -> 75659.86 | E12: =IF(TargetData[[#This Row],[ACTUAL]]>TargetData[[#This Row],[Target ($)]],"PASS","-") -> - | F12: =IF(TargetData[[#This Row],[ACTUAL]]<TargetData[[#This Row],[Target ($)]],"PASS","-") -> PASS
A13: 12 | B13: Dec | C13: 80000 | D13: =_xlfn.XLOOKUP(Target!B:B,Analysis!B:B,Analysis!C:C,,0) -> 90997.39 | E13: =IF(TargetData[[#This Row],[ACTUAL]]>TargetData[[#This Row],[Target ($)]],"PASS","-") -> PASS | F13: =IF(TargetData[[#This Row],[ACTUAL]]<TargetData[[#This Row],[Target ($)]],"PASS","-") -> -

Sheet Customer
A1: Customer Name | B1: Country | C1: Region
A2: Customer01 | B2: Nigeria | C2: Export
A3: Customer02 | B3: Bangladesh | C3: Export
A4: Customer03 | B4: India | C4: Northeast
A5: Customer04 | B5: Saudi Arabia | C5: Export
A6: Customer05 | B6: India | C6: Northeast
A7: Customer06 | B7: Pakistan | C7: Export
A8: Customer07 | B8: Indonesia | C8: Export
A9: Customer08 | B9: United Kingdom | C9: Export
A10: Customer09 | B10: Russia | C10: Export
A11: Customer10 | B11: India | C11: South
A12: Customer11 | B12: Mexico | C12: Export
... A41: Customer40 | B41: United States of America | C41: Export

Sheet Analysis
B2: Row Labels | C2: Sum of ACTUAL | E2: Row Labels | F2: Sum of ACTUAL | I2: week num | J2: Sum of ACTUAL | L2: {=O2:P17} -> Row Labels | M2: Sum of ACTUAL | O2: Row Labels | P2: Sum of ACTUAL | S2: Row Labels | T2: Sum of QUANTITY | W2: Row Labels | X2: Count of CUSTOMER NAME | AA2: {=TargetData[[#All],[Month]:[ACTUAL]]} -> Month | AB2: Month Name | AC2: Target ($) | AD2: ACTUAL | AH2: slicer | AJ2: Row Labels | AK2: Sum of ACTUAL
B3: Jan | C3: 92118.79 | E3: Product19 | F3: 41580 | I3: 5 | J3: 33727.55 | L3: Bangladesh | M3: 31336.23 | O3: Bangladesh | P3: 31336.23 | S3: Customer33 | T3: 545 | W3: Central | X3: 49 | AA3: 1 | AB3: Jan | AC3: 90000 | AD3: 92118.79 | AH3: 1. month | AJ3: 1 | AK3: 5179.59
B4: Feb | C4: 91137.05 | E4: Product22 | F4: 41055.3 | I4: 6 | J4: 34794.82 | L4: Brazil | M4: 39438.44 | O4: Brazil | P4: 39438.44 | S4: Customer22 | T4: 519 | W4: East | X4: 68 | AA4: 2 | AB4: Feb | AC4: 100000 | AD4: 91137.05 | AH4: country | AJ4: 2 | AK4: 21116.73
B5: Mar | C5: 97920.72 | E5: Product24 | F5: 49599.36 | I5: 7 | J5: 32107.1 | L5: Ethiopia | M5: 39653.93 | O5: Ethiopia | P5: 39653.93 | S5: Customer25 | T5: 476 | W5: Export | X5: 459 | AA5: 3 | AB5: Mar | AC5: 100000 | AD5: 97920.72 | AJ5: 3 | AK5: 14261.19
B6: Apr | C6: 72320.89 | E6: Product30 | F6: 57968.64 | L6: France | M6: 14337.4 | O6: France | P6: 14337.4 | S6: Customer30 | T6: 422 | W6: North | X6: 45 | AA6: 4 | AB6: Apr | AC6: 100000 | AD6: 72320.89 | AJ6: 4 | AK6: 11433.2
B7: May | C7: 70511.76 | E7: Product41 | F7: 57554.28 | I7: Card | L7: Germany | M7: 16810.72 | O7: Germany | P7: 16810.72 | S7: Customer16 | T7: 408 | W7: Northeast | X7: 71 | AA7: 5 | AB7: May | AC7: 90000 | AD7: 70511.76 | AJ7: 5 | AK7: 33727.55
B8: Jun | C8: 66727.4 | L8: India | M8: 452995.44 | O8: India | P8: 452995.44 | S8: Customer15 | T8: 399 | W8: South | X8: 52 | AA8: 6 | AB8: Jun | AC8: 90000 | AD8: 66727.4 | AJ8: 6 | AK8: 34794.82
B9: Jul | C9: 92661.55 | I9: Total Actual | L9: Indonesia | M9: 8394.32 | O9: Indonesia | P9: 8394.32 | S9: Customer12 | T9: 376 | W9: Western | X9: 88 | AA9: 7 | AB9: Jul | AC9: 90000 | AD9: 92661.55 | AJ9: 7 | AK9: 32107.1
B10: Aug | C10: 69125.75 | I10: =SUM(InputData[[#All],[ACTUAL]]) -> 984571.06 | L10: Mexico | M10: 65776.76 | O10: Mexico | P10: 65776.76 | S10: Customer21 | T10: 375 | AA10: 8 | AB10: Aug | AC10: 90000 | AD10: 69125.75 | AJ10: 8 | AK10: 11777.67
B11: Sep | C11: 78253.53 | L11: Nigeria | M11: 39993.27 | O11: Nigeria | P11: 39993.27 | S11: Customer23 | T11: 365 | W11: {=W2:X9} -> Row Labels | X11: Count of CUSTOMER NAME | AA11: 9 | AB11: Sep | AC11: 90000 | AD11: 78253.53 | AJ11: 9 | AK11: 17571.59
B12: Oct | C12: 87136.37 | I12: average target (Year) | L12: Pakistan | M12: 77523.28 | O12: Pakistan | P12: 77523.28 | S12: Customer02 | T12: 360 | W12: Central | X12: 49 | AA12: 10 | AB12: Oct | AC12: 80000 | AD12: 87136.37 | AJ12: 10 | AK12: 17413.3
B13: Nov | C13: 75659.86 | I13: =AVERAGE(TargetData[Target ($)]) -> 90000 | L13: Russia | M13: 63344.34 | O13: Russia | P13: 63344.34 | W13: East | X13: 68 | AA13: 11 | AB13: Nov | AC13: 80000 | AD13: 75659.86 | AJ13: 11 | AK13: 18811.39
B14: Dec | C14: 90997.39 | L14: Saudi Arabia | M14: 38317.79 | O14: Saudi Arabia | P14: 38317.79 | W14: Export | X14: 459 | AA14: 12 | AB14: Dec | AC14: 80000 | AD14: 90997.39 | AJ14: 12 | AK14: 29446.46
L15: South Africa | M15: 32808.02 | O15: South Africa | P15: 32808.02 | W15: North | X15: 45 | AJ15: 13 | AK15: 22723.6
L16: United Kingdom | M16: 50749.04 | O16: United Kingdom | P16: 50749.04 | W16: Northeast | X16: 71 | AJ16: 14 | AK16: 13729.81
L17: United States of America | M17: 13092.08 | O17: United States of America | P17: 13092.08 | W17: South | X17: 52 | AJ17: 15 | AK17: 27820.09
W18: Western | X18: 88 | AJ18: 16 | AK18: 9407.51
AJ19: 17 | AK19: 22127.3
AJ20: 18 | AK20: 11809.4
AJ21: 19 | AK21: 12750.54
AJ22: 20 | AK22: 19691.76
AJ23: 21 | AK23: 19171.71
AJ24: 22 | AK24: 11617.86
AJ25: 23 | AK25: 17000.62
AJ26: 24 | AK26: 15273.35
AJ27: 25 | AK27: 23043.47
AJ28: 26 | AK28: 13593.79
AJ29: 27 | AK29: 13197.89
AJ30: 28 | AK30: 13311.34
... AJ55: 53 | AK55: 27195.9

Sheet Sheet1
